,work_year,experience_level,employment_type,job_title,salary,salary_currency,salary_in_usd,employee_residence,remote_ratio,company_location,company_size,nivel_experiencia,Tamano_Empresa,Salario_Mensual_USD
0,2020,MI,FT,Data Scientist,70000,EUR,79833,DE,0,DE,L,Otro,Desconocido,"6652,75"
1,2020,SE,FT,Machine Learning Scientist,260000,USD,260000,JP,0,JP,S,Otro,Desconocido,"21666,67"
2,2020,SE,FT,Big Data Engineer,85000,GBP,109024,GB,50,GB,M,Otro,Desconocido,"9085,33"
3,2020,MI,FT,Product Data Analyst,20000,USD,20000,HN,0,HN,S,Otro,Desconocido,"1666,67"
4,2020,SE,FT,Machine Learning Engineer,150000,USD,150000,US,50,US,L,Otro,Desconocido,12500
5,2020,EN,FT,Data Analyst,72000,USD,72000,US,100,US,L,Otro,Desconocido,6000
6,2020,SE,FT,Lead Data Scientist,190000,USD,190000,US,100,US,S,Otro,Desconocido,"15833,33"
7,2020,MI,FT,Data Scientist,11000000,HUF,35735,HU,50,HU,L,Otro,Desconocido,"2977,92"
8,2020,MI,FT,Business Data Analyst,135000,USD,135000,US,100,US,L,Otro,Desconocido,11250
9,2020,SE,FT,Lead Data Engineer,125000,USD,125000,NZ,50,NZ,S,Otro,Desconocido,"10416,67"
10,2020,EN,FT,Data Scientist,45000,EUR,51321,FR,0,FR,S,Otro,Desconocido,"4276,75"
11,2020,MI,FT,Data Scientist,3000000,INR,40481,IN,0,IN,L,Otro,Desconocido,"3373,42"
12,2020,EN,FT,Data Scientist,35000,EUR,39916,FR,0,FR,M,Otro,Desconocido,"3326,33"
13,2020,MI,FT,Lead Data Analyst,87000,USD,87000,US,100,US,L,Otro,Desconocido,7250
14,2020,MI,FT,Data Analyst,85000,USD,85000,US,100,US,L,Otro,Desconocido,"7083,33"
15,2020,MI,FT,Data Analyst,8000,USD,8000,PK,50,PK,L,Otro,Desconocido,"666,67"
16,2020,EN,FT,Data Engineer,4450000,JPY,41689,JP,100,JP,S,Otro,Desconocido,"3474,08"
17,2020,SE,FT,Big Data Engineer,100000,EUR,114047,PL,100,GB,S,Otro,Desconocido,"9503,92"
18,2020,EN,FT,Data Science Consultant,423000,INR,5707,IN,50,IN,M,Otro,Desconocido,"475,58"
19,2020,MI,FT,Lead Data Engineer,56000,USD,56000,PT,100,US,M,Otro,Desconocido,"4666,67"
20,2020,MI,FT,Machine Learning Engineer,299000,CNY,43331,CN,0,CN,M,Otro,Desconocido,"3610,92"
21,2020,MI,FT,Product Data Analyst,450000,INR,6072,IN,100,IN,L,Otro,Desconocido,506
22,2020,SE,FT,Data Engineer,42000,EUR,47899,GR,50,GR,L,Otro,Desconocido,"3991,58"
23,2020,MI,FT,BI Data Analyst,98000,USD,98000,US,0,US,M,Otro,Desconocido,"8166,67"
24,2020,MI,FT,Lead Data Scientist,115000,USD,115000,AE,0,AE,L,Otro,Desconocido,"9583,33"
25,2020,EX,FT,Director of Data Science,325000,USD,325000,US,100,US,L,Otro,Desconocido,"27083,33"
26,2020,EN,FT,Research Scientist,42000,USD,42000,NL,50,NL,L,Otro,Desconocido,3500
27,2020,SE,FT,Data Engineer,720000,MXN,33511,MX,0,MX,S,Otro,Desconocido,"2792,58"
28,2020,EN,CT,Business Data Analyst,100000,USD,100000,US,100,US,L,Otro,Desconocido,"8333,33"
29,2020,SE,FT,Machine Learning Manager,157000,CAD,117104,CA,50,CA,L,Otro,Desconocido,"9758,67"
30,2020,MI,FT,Data Engineering Manager,51999,EUR,59303,DE,100,DE,S,Otro,Desconocido,"4941,92"
31,2020,EN,FT,Big Data Engineer,70000,USD,70000,US,100,US,L,Otro,Desconocido,"5833,33"
32,2020,SE,FT,Data Scientist,60000,EUR,68428,GR,100,US,L,Otro,Desconocido,"5702,33"
33,2020,MI,FT,Research Scientist,450000,USD,450000,US,0,US,M,Otro,Desconocido,37500
34,2020,MI,FT,Data Analyst,41000,EUR,46759,FR,50,FR,L,Otro,Desconocido,"3896,58"
35,2020,MI,FT,Data Engineer,65000,EUR,74130,AT,50,AT,L,Otro,Desconocido,"6177,5"
36,2020,MI,FT,Data Science Consultant,103000,USD,103000,US,100,US,L,Otro,Desconocido,"8583,33"
37,2020,EN,FT,Machine Learning Engineer,250000,USD,250000,US,50,US,L,Otro,Desconocido,"20833,33"
38,2020,EN,FT,Data Analyst,10000,USD,10000,NG,100,NG,S,Otro,Desconocido,"833,33"
39,2020,EN,FT,Machine Learning Engineer,138000,USD,138000,US,100,US,S,Otro,Desconocido,11500
40,2020,MI,FT,Data Scientist,45760,USD,45760,PH,100,US,S,Otro,Desconocido,"3813,33"
41,2020,EX,FT,Data Engineering Manager,70000,EUR,79833,ES,50,ES,L,Otro,Desconocido,"6652,75"
42,2020,MI,FT,Machine Learning Infrastructure Engineer,44000,EUR,50180,PT,0,PT,M,Otro,Desconocido,"4181,67"
43,2020,MI,FT,Data Engineer,106000,USD,106000,US,100,US,L,Otro,Desconocido,"8833,33"
44,2020,MI,FT,Data Engineer,88000,GBP,112872,GB,50,GB,L,Otro,Desconocido,9406
45,2020,EN,PT,ML Engineer,14000,EUR,15966,DE,100,DE,S,Otro,Desconocido,"1330,5"
46,2020,MI,FT,Data Scientist,60000,GBP,76958,GB,100,GB,S,Otro,Desconocido,"6413,17"
47,2020,SE,FT,Data Engineer,188000,USD,188000,US,100,US,L,Otro,Desconocido,"15666,67"
48,2020,MI,FT,Data Scientist,105000,USD,105000,US,100,US,L,Otro,Desconocido,8750
49,2020,MI,FT,Data Engineer,61500,EUR,70139,FR,50,FR,L,Otro,Desconocido,"5844,92"
50,2020,EN,FT,Data Analyst,450000,INR,6072,IN,0,IN,S,Otro,Desconocido,506
51,2020,EN,FT,Data Analyst,91000,USD,91000,US,100,US,L,Otro,Desconocido,"7583,33"
52,2020,EN,FT,AI Scientist,300000,DKK,45896,DK,50,DK,S,Otro,Desconocido,"3824,67"
53,2020,EN,FT,Data Engineer,48000,EUR,54742,PK,100,DE,L,Otro,Desconocido,"4561,83"
54,2020,SE,FL,Computer Vision Engineer,60000,USD,60000,RU,100,US,S,Otro,Desconocido,5000
55,2020,SE,FT,Principal Data Scientist,130000,EUR,148261,DE,100,DE,M,Otro,Desconocido,"12355,08"
56,2020,MI,FT,Data Scientist,34000,EUR,38776,ES,100,ES,M,Otro,Desconocido,"3231,33"
57,2020,MI,FT,Data Scientist,118000,USD,118000,US,100,US,M,Otro,Desconocido,"9833,33"
58,2020,SE,FT,Data Scientist,120000,USD,120000,US,50,US,L,Otro,Desconocido,10000
59,2020,MI,FT,Data Scientist,138350,USD,138350,US,100,US,M,Otro,Desconocido,"11529,17"
60,2020,MI,FT,Data Engineer,110000,USD,110000,US,100,US,L,Otro,Desconocido,"9166,67"
61,2020,MI,FT,Data Engineer,130800,USD,130800,ES,100,US,M,Otro,Desconocido,10900
62,2020,EN,PT,Data Scientist,19000,EUR,21669,IT,50,IT,S,Otro,Desconocido,"1805,75"
63,2020,SE,FT,Data Scientist,412000,USD,412000,US,100,US,L,Otro,Desconocido,"34333,33"
64,2020,SE,FT,Machine Learning Engineer,40000,EUR,45618,HR,100,HR,S,Otro,Desconocido,"3801,5"
65,2020,EN,FT,Data Scientist,55000,EUR,62726,DE,50,DE,S,Otro,Desconocido,"5227,17"
66,2020,EN,FT,Data Scientist,43200,EUR,49268,DE,0,DE,S,Otro,Desconocido,"4105,67"
67,2020,SE,FT,Data Science Manager,190200,USD,190200,US,100,US,M,Otro,Desconocido,15850
68,2020,EN,FT,Data Scientist,105000,USD,105000,US,100,US,S,Otro,Desconocido,8750
69,2020,SE,FT,Data Scientist,80000,EUR,91237,AT,0,AT,S,Otro,Desconocido,"7603,08"
70,2020,MI,FT,Data Scientist,55000,EUR,62726,FR,50,LU,S,Otro,Desconocido,"5227,17"
71,2020,MI,FT,Data Scientist,37000,EUR,42197,FR,50,FR,S,Otro,Desconocido,"3516,42"
72,2021,EN,FT,Research Scientist,60000,GBP,82528,GB,50,GB,L,Otro,Desconocido,"6877,33"
73,2021,EX,FT,BI Data Analyst,150000,USD,150000,IN,100,US,L,Otro,Desconocido,12500
74,2021,EX,FT,Head of Data,235000,USD,235000,US,100,US,L,Otro,Desconocido,"19583,33"
75,2021,SE,FT,Data Scientist,45000,EUR,53192,FR,50,FR,L,Otro,Desconocido,"4432,67"
76,2021,MI,FT,BI Data Analyst,100000,USD,100000,US,100,US,M,Otro,Desconocido,"8333,33"
77,2021,MI,PT,3D Computer Vision Researcher,400000,INR,5409,IN,50,IN,M,Otro,Desconocido,"450,75"
78,2021,MI,CT,ML Engineer,270000,USD,270000,US,100,US,L,Otro,Desconocido,22500
79,2021,EN,FT,Data Analyst,80000,USD,80000,US,100,US,M,Otro,Desconocido,"6666,67"
80,2021,SE,FT,Data Analytics Engineer,67000,EUR,79197,DE,100,DE,L,Otro,Desconocido,"6599,75"
81,2021,MI,FT,Data Engineer,140000,USD,140000,US,100,US,L,Otro,Desconocido,"11666,67"
82,2021,MI,FT,Applied Data Scientist,68000,CAD,54238,GB,50,CA,L,Otro,Desconocido,"4519,83"
83,2021,MI,FT,Machine Learning Engineer,40000,EUR,47282,ES,100,ES,S,Otro,Desconocido,"3940,17"
84,2021,EX,FT,Director of Data Science,130000,EUR,153667,IT,100,PL,L,Otro,Desconocido,"12805,58"
85,2021,MI,FT,Data Engineer,110000,PLN,28476,PL,100,PL,L,Otro,Desconocido,2373
86,2021,EN,FT,Data Analyst,50000,EUR,59102,FR,50,FR,M,Otro,Desconocido,"4925,17"
87,2021,MI,FT,Data Analytics Engineer,110000,USD,110000,US,100,US,L,Otro,Desconocido,"9166,67"
88,2021,SE,FT,Lead Data Analyst,170000,USD,170000,US,100,US,L,Otro,Desconocido,"14166,67"
89,2021,SE,FT,Data Analyst,80000,USD,80000,BG,100,US,S,Otro,Desconocido,"6666,67"
90,2021,SE,FT,Marketing Data Analyst,75000,EUR,88654,GR,100,DK,L,Otro,Desconocido,"7387,83"
91,2021,EN,FT,Data Science Consultant,65000,EUR,76833,DE,100,DE,S,Otro,Desconocido,"6402,75"
92,2021,MI,FT,Lead Data Analyst,1450000,INR,19609,IN,100,IN,L,Otro,Desconocido,"1634,08"
93,2021,SE,FT,Lead Data Engineer,276000,USD,276000,US,0,US,L,Otro,Desconocido,23000
94,2021,EN,FT,Data Scientist,2200000,INR,29751,IN,50,IN,L,Otro,Desconocido,"2479,25"
95,2021,MI,FT,Cloud Data Engineer,120000,SGD,89294,SG,50,SG,L,Otro,Desconocido,"7441,17"
96,2021,EN,PT,AI Scientist,12000,USD,12000,BR,100,US,S,Otro,Desconocido,1000
97,2021,MI,FT,Financial Data Analyst,450000,USD,450000,US,100,US,L,Otro,Desconocido,37500
98,2021,EN,FT,Computer Vision Software Engineer,70000,USD,70000,US,100,US,M,Otro,Desconocido,"5833,33"
99,2021,MI,FT,Computer Vision Software Engineer,81000,EUR,95746,DE,100,US,S,Otro,Desconocido,"7978,83"
100,2021,MI,FT,Data Analyst,75000,USD,75000,US,0,US,L,Otro,Desconocido,6250
101,2021,SE,FT,Data Engineer,150000,USD,150000,US,100,US,L,Otro,Desconocido,12500
102,2021,MI,FT,BI Data Analyst,11000000,HUF,36259,HU,50,US,L,Otro,Desconocido,"3021,58"
103,2021,MI,FT,Data Analyst,62000,USD,62000,US,0,US,L,Otro,Desconocido,"5166,67"
104,2021,MI,FT,Data Scientist,73000,USD,73000,US,0,US,L,Otro,Desconocido,"6083,33"
105,2021,MI,FT,Data Analyst,37456,GBP,51519,GB,50,GB,L,Otro,Desconocido,"4293,25"
106,2021,MI,FT,Research Scientist,235000,CAD,187442,CA,100,CA,L,Otro,Desconocido,"15620,17"
107,2021,SE,FT,Data Engineer,115000,USD,115000,US,100,US,S,Otro,Desconocido,"9583,33"
108,2021,SE,FT,Data Engineer,150000,USD,150000,US,100,US,M,Otro,Desconocido,12500
109,2021,EN,FT,Data Engineer,2250000,INR,30428,IN,100,IN,L,Otro,Desconocido,"2535,67"
110,2021,SE,FT,Machine Learning Engineer,80000,EUR,94564,DE,50,DE,L,Otro,Desconocido,"7880,33"
111,2021,SE,FT,Director of Data Engineering,82500,GBP,113476,GB,100,GB,M,Otro,Desconocido,"9456,33"
112,2021,SE,FT,Lead Data Engineer,75000,GBP,103160,GB,100,GB,S,Otro,Desconocido,"8596,67"
113,2021,EN,PT,AI Scientist,12000,USD,12000,PK,100,US,M,Otro,Desconocido,1000
114,2021,MI,FT,Data Engineer,38400,EUR,45391,NL,100,NL,L,Otro,Desconocido,"3782,58"
115,2021,EN,FT,Machine Learning Scientist,225000,USD,225000,US,100,US,L,Otro,Desconocido,18750
116,2021,MI,FT,Data Scientist,50000,USD,50000,NG,100,NG,L,Otro,Desconocido,"4166,67"
117,2021,MI,FT,Data Science Engineer,34000,EUR,40189,GR,100,GR,M,Otro,Desconocido,"3349,08"
118,2021,EN,FT,Data Analyst,90000,USD,90000,US,100,US,S,Otro,Desconocido,7500
119,2021,MI,FT,Data Engineer,200000,USD,200000,US,100,US,L,Otro,Desconocido,"16666,67"
120,2021,MI,FT,Big Data Engineer,60000,USD,60000,ES,50,RO,M,Otro,Desconocido,5000
121,2021,SE,FT,Principal Data Engineer,200000,USD,200000,US,100,US,M,Otro,Desconocido,"16666,67"
122,2021,EN,FT,Data Analyst,50000,USD,50000,US,100,US,M,Otro,Desconocido,"4166,67"
123,2021,EN,FT,Applied Data Scientist,80000,GBP,110037,GB,0,GB,L,Otro,Desconocido,"9169,75"
124,2021,EN,PT,Data Analyst,8760,EUR,10354,ES,50,ES,M,Otro,Desconocido,"862,83"
125,2021,MI,FT,Principal Data Scientist,151000,USD,151000,US,100,US,L,Otro,Desconocido,"12583,33"
126,2021,SE,FT,Machine Learning Scientist,120000,USD,120000,US,50,US,S,Otro,Desconocido,10000
127,2021,MI,FT,Data Scientist,700000,INR,9466,IN,0,IN,S,Otro,Desconocido,"788,83"
128,2021,EN,FT,Machine Learning Engineer,20000,USD,20000,IN,100,IN,S,Otro,Desconocido,"1666,67"
129,2021,SE,FT,Lead Data Scientist,3000000,INR,40570,IN,50,IN,L,Otro,Desconocido,"3380,83"
130,2021,EN,FT,Machine Learning Developer,100000,USD,100000,IQ,50,IQ,S,Otro,Desconocido,"8333,33"
131,2021,EN,FT,Data Scientist,42000,EUR,49646,FR,50,FR,M,Otro,Desconocido,"4137,17"
132,2021,MI,FT,Applied Machine Learning Scientist,38400,USD,38400,VN,100,US,M,Otro,Desconocido,3200
133,2021,SE,FT,Computer Vision Engineer,24000,USD,24000,BR,100,BR,M,Otro,Desconocido,2000
134,2021,EN,FT,Data Scientist,100000,USD,100000,US,0,US,S,Otro,Desconocido,"8333,33"
135,2021,MI,FT,Data Analyst,90000,USD,90000,US,100,US,M,Otro,Desconocido,7500
136,2021,MI,FT,ML Engineer,7000000,JPY,63711,JP,50,JP,S,Otro,Desconocido,"5309,25"
137,2021,MI,FT,ML Engineer,8500000,JPY,77364,JP,50,JP,S,Otro,Desconocido,6447
138,2021,SE,FT,Principal Data Scientist,220000,USD,220000,US,0,US,L,Otro,Desconocido,"18333,33"
139,2021,EN,FT,Data Scientist,80000,USD,80000,US,100,US,M,Otro,Desconocido,"6666,67"
140,2021,MI,FT,Data Analyst,135000,USD,135000,US,100,US,L,Otro,Desconocido,11250
141,2021,SE,FT,Data Science Manager,240000,USD,240000,US,0,US,L,Otro,Desconocido,20000
142,2021,SE,FT,Data Engineering Manager,150000,USD,150000,US,0,US,L,Otro,Desconocido,12500
143,2021,MI,FT,Data Scientist,82500,USD,82500,US,100,US,S,Otro,Desconocido,6875
144,2021,MI,FT,Data Engineer,100000,USD,100000,US,100,US,L,Otro,Desconocido,"8333,33"
145,2021,SE,FT,Machine Learning Engineer,70000,EUR,82744,BE,50,BE,M,Otro,Desconocido,"6895,33"
146,2021,MI,FT,Research Scientist,53000,EUR,62649,FR,50,FR,M,Otro,Desconocido,"5220,75"
147,2021,MI,FT,Data Engineer,90000,USD,90000,US,100,US,L,Otro,Desconocido,7500
148,2021,SE,FT,Data Engineering Manager,153000,USD,153000,US,100,US,L,Otro,Desconocido,12750
149,2021,SE,FT,Cloud Data Engineer,160000,USD,160000,BR,100,US,S,Otro,Desconocido,"13333,33"
150,2021,SE,FT,Director of Data Science,168000,USD,168000,JP,0,JP,S,Otro,Desconocido,14000
151,2021,MI,FT,Data Scientist,150000,USD,150000,US,100,US,M,Otro,Desconocido,12500
152,2021,MI,FT,Data Scientist,95000,CAD,75774,CA,100,CA,L,Otro,Desconocido,"6314,5"
153,2021,EN,FT,Data Scientist,13400,USD,13400,UA,100,UA,L,Otro,Desconocido,"1116,67"
154,2021,SE,FT,Data Science Manager,144000,USD,144000,US,100,US,L,Otro,Desconocido,12000
155,2021,SE,FT,Data Science Engineer,159500,CAD,127221,CA,50,CA,L,Otro,Desconocido,"10601,75"
156,2021,MI,FT,Data Scientist,160000,SGD,119059,SG,100,IL,M,Otro,Desconocido,"9921,58"
157,2021,MI,FT,Applied Machine Learning Scientist,423000,USD,423000,US,50,US,L,Otro,Desconocido,35250
158,2021,SE,FT,Data Analytics Manager,120000,USD,120000,US,100,US,M,Otro,Desconocido,10000
159,2021,EN,FT,Machine Learning Engineer,125000,USD,125000,US,100,US,S,Otro,Desconocido,"10416,67"
160,2021,EX,FT,Head of Data,230000,USD,230000,RU,50,RU,L,Otro,Desconocido,"19166,67"
161,2021,EX,FT,Head of Data Science,85000,USD,85000,RU,0,RU,M,Otro,Desconocido,"7083,33"
162,2021,MI,FT,Data Engineer,24000,EUR,28369,MT,50,MT,L,Otro,Desconocido,"2364,08"
163,2021,EN,FT,Data Science Consultant,54000,EUR,63831,DE,50,DE,L,Otro,Desconocido,"5319,25"
164,2021,EX,FT,Director of Data Science,110000,EUR,130026,DE,50,DE,M,Otro,Desconocido,"10835,5"
165,2021,SE,FT,Data Specialist,165000,USD,165000,US,100,US,L,Otro,Desconocido,13750
166,2021,EN,FT,Data Engineer,80000,USD,80000,US,100,US,L,Otro,Desconocido,"6666,67"
167,2021,EX,FT,Director of Data Science,250000,USD,250000,US,0,US,L,Otro,Desconocido,"20833,33"
168,2021,EN,FT,BI Data Analyst,55000,USD,55000,US,50,US,S,Otro,Desconocido,"4583,33"
169,2021,MI,FT,Data Architect,150000,USD,150000,US,100,US,L,Otro,Desconocido,12500
170,2021,MI,FT,Data Architect,170000,USD,170000,US,100,US,L,Otro,Desconocido,"14166,67"
171,2021,MI,FT,Data Engineer,60000,GBP,82528,GB,100,GB,L,Otro,Desconocido,"6877,33"
172,2021,EN,FT,Data Analyst,60000,USD,60000,US,100,US,S,Otro,Desconocido,5000
173,2021,SE,FT,Principal Data Scientist,235000,USD,235000,US,100,US,L,Otro,Desconocido,"19583,33"
174,2021,SE,FT,Research Scientist,51400,EUR,60757,PT,50,PT,L,Otro,Desconocido,"5063,08"
175,2021,SE,FT,Data Engineering Manager,174000,USD,174000,US,100,US,L,Otro,Desconocido,14500
176,2021,MI,FT,Data Scientist,58000,MXN,2859,MX,0,MX,S,Otro,Desconocido,"238,25"
177,2021,MI,FT,Data Scientist,30400000,CLP,40038,CL,100,CL,L,Otro,Desconocido,"3336,5"
178,2021,EN,FT,Machine Learning Engineer,81000,USD,81000,US,50,US,S,Otro,Desconocido,6750
179,2021,MI,FT,Data Scientist,420000,INR,5679,IN,100,US,S,Otro,Desconocido,"473,25"
180,2021,MI,FT,Big Data Engineer,1672000,INR,22611,IN,0,IN,L,Otro,Desconocido,"1884,25"
181,2021,MI,FT,Data Scientist,76760,EUR,90734,DE,50,DE,L,Otro,Desconocido,"7561,17"
182,2021,MI,FT,Data Engineer,22000,EUR,26005,RO,0,US,L,Otro,Desconocido,"2167,08"
183,2021,SE,FT,Finance Data Analyst,45000,GBP,61896,GB,50,GB,L,Otro,Desconocido,5158
184,2021,MI,FL,Machine Learning Scientist,12000,USD,12000,PK,50,PK,M,Otro,Desconocido,1000
185,2021,MI,FT,Data Engineer,4000,USD,4000,IR,100,IR,M,Otro,Desconocido,"333,33"
186,2021,SE,FT,Data Analytics Engineer,50000,USD,50000,VN,100,GB,M,Otro,Desconocido,"4166,67"
187,2021,EX,FT,Data Science Consultant,59000,EUR,69741,FR,100,ES,S,Otro,Desconocido,"5811,75"
188,2021,SE,FT,Data Engineer,65000,EUR,76833,RO,50,GB,S,Otro,Desconocido,"6402,75"
189,2021,MI,FT,Machine Learning Engineer,74000,USD,74000,JP,50,JP,S,Otro,Desconocido,"6166,67"
190,2021,SE,FT,Data Science Manager,152000,USD,152000,US,100,FR,L,Otro,Desconocido,"12666,67"
191,2021,EN,FT,Machine Learning Engineer,21844,USD,21844,CO,50,CO,M,Otro,Desconocido,"1820,33"
192,2021,MI,FT,Big Data Engineer,18000,USD,18000,MD,0,MD,S,Otro,Desconocido,1500
193,2021,SE,FT,Data Science Manager,174000,USD,174000,US,100,US,L,Otro,Desconocido,14500
194,2021,SE,FT,Research Scientist,120500,CAD,96113,CA,50,CA,L,Otro,Desconocido,"8009,42"
195,2021,MI,FT,Data Scientist,147000,USD,147000,US,50,US,L,Otro,Desconocido,12250
196,2021,EN,FT,BI Data Analyst,9272,USD,9272,KE,100,KE,S,Otro,Desconocido,"772,67"
197,2021,SE,FT,Machine Learning Engineer,1799997,INR,24342,IN,100,IN,L,Otro,Desconocido,"2028,5"
198,2021,SE,FT,Data Science Manager,4000000,INR,54094,IN,50,US,L,Otro,Desconocido,"4507,83"
199,2021,EN,FT,Data Science Consultant,90000,USD,90000,US,100,US,S,Otro,Desconocido,7500
200,2021,MI,FT,Data Scientist,52000,EUR,61467,DE,50,AT,M,Otro,Desconocido,"5122,25"
201,2021,SE,FT,Machine Learning Infrastructure Engineer,195000,USD,195000,US,100,US,M,Otro,Desconocido,16250
202,2021,MI,FT,Data Scientist,32000,EUR,37825,ES,100,ES,L,Otro,Desconocido,"3152,08"
203,2021,SE,FT,Research Scientist,50000,USD,50000,FR,100,US,S,Otro,Desconocido,"4166,67"
204,2021,MI,FT,Data Scientist,160000,USD,160000,US,100,US,L,Otro,Desconocido,"13333,33"
205,2021,MI,FT,Data Scientist,69600,BRL,12901,BR,0,BR,S,Otro,Desconocido,"1075,08"
206,2021,SE,FT,Machine Learning Engineer,200000,USD,200000,US,100,US,L,Otro,Desconocido,"16666,67"
207,2021,SE,FT,Data Engineer,165000,USD,165000,US,0,US,M,Otro,Desconocido,13750
208,2021,MI,FL,Data Engineer,20000,USD,20000,IT,0,US,L,Otro,Desconocido,"1666,67"
209,2021,SE,FT,Data Analytics Manager,120000,USD,120000,US,0,US,L,Otro,Desconocido,10000
210,2021,MI,FT,Machine Learning Engineer,21000,EUR,24823,SI,50,SI,L,Otro,Desconocido,"2068,58"
211,2021,MI,FT,Research Scientist,48000,EUR,56738,FR,50,FR,S,Otro,Desconocido,"4728,17"
212,2021,MI,FT,Data Engineer,48000,GBP,66022,HK,50,GB,S,Otro,Desconocido,"5501,83"
213,2021,EN,FT,Big Data Engineer,435000,INR,5882,IN,0,CH,L,Otro,Desconocido,"490,17"
214,2021,EN,FT,Machine Learning Engineer,21000,EUR,24823,DE,50,DE,M,Otro,Desconocido,"2068,58"
215,2021,SE,FT,Principal Data Engineer,185000,USD,185000,US,100,US,L,Otro,Desconocido,"15416,67"
216,2021,EN,PT,Computer Vision Engineer,180000,DKK,28609,DK,50,DK,S,Otro,Desconocido,"2384,08"
217,2021,MI,FT,Data Scientist,76760,EUR,90734,DE,50,DE,L,Otro,Desconocido,"7561,17"
218,2021,MI,FT,Machine Learning Engineer,75000,EUR,88654,BE,100,BE,M,Otro,Desconocido,"7387,83"
219,2021,SE,FT,Data Analytics Manager,140000,USD,140000,US,100,US,L,Otro,Desconocido,"11666,67"
220,2021,MI,FT,Machine Learning Engineer,180000,PLN,46597,PL,100,PL,L,Otro,Desconocido,"3883,08"
221,2021,MI,FT,Data Scientist,85000,GBP,116914,GB,50,GB,L,Otro,Desconocido,"9742,83"
222,2021,MI,FT,Data Scientist,2500000,INR,33808,IN,0,IN,M,Otro,Desconocido,"2817,33"
223,2021,MI,FT,Data Scientist,40900,GBP,56256,GB,50,GB,L,Otro,Desconocido,4688
224,2021,SE,FT,Machine Learning Scientist,225000,USD,225000,US,100,CA,L,Otro,Desconocido,18750
225,2021,EX,CT,Principal Data Scientist,416000,USD,416000,US,100,US,S,Otro,Desconocido,"34666,67"
226,2021,SE,FT,Data Scientist,110000,CAD,87738,CA,100,CA,S,Otro,Desconocido,"7311,5"
227,2021,MI,FT,Data Scientist,75000,EUR,88654,DE,50,DE,L,Otro,Desconocido,"7387,83"
228,2021,SE,FT,Data Scientist,135000,USD,135000,US,0,US,L,Otro,Desconocido,11250
229,2021,SE,FT,Data Analyst,90000,CAD,71786,CA,100,CA,M,Otro,Desconocido,"5982,17"
230,2021,EN,FT,Big Data Engineer,1200000,INR,16228,IN,100,IN,L,Otro,Desconocido,"1352,33"
231,2021,SE,FT,ML Engineer,256000,USD,256000,US,100,US,S,Otro,Desconocido,"21333,33"
232,2021,SE,FT,Director of Data Engineering,200000,USD,200000,US,100,US,L,Otro,Desconocido,"16666,67"
233,2021,SE,FT,Data Analyst,200000,USD,200000,US,100,US,L,Otro,Desconocido,"16666,67"
234,2021,MI,FT,Data Architect,180000,USD,180000,US,100,US,L,Otro,Desconocido,15000
235,2021,MI,FT,Head of Data Science,110000,USD,110000,US,0,US,S,Otro,Desconocido,"9166,67"
236,2021,MI,FT,Research Scientist,80000,CAD,63810,CA,100,CA,M,Otro,Desconocido,"5317,5"
237,2021,MI,FT,Data Scientist,39600,EUR,46809,ES,100,ES,M,Otro,Desconocido,"3900,75"
238,2021,EN,FT,Data Scientist,4000,USD,4000,VN,0,VN,M,Otro,Desconocido,"333,33"
239,2021,EN,FT,Data Engineer,1600000,INR,21637,IN,50,IN,M,Otro,Desconocido,"1803,08"
240,2021,SE,FT,Data Scientist,130000,CAD,103691,CA,100,CA,L,Otro,Desconocido,"8640,92"
241,2021,MI,FT,Data Analyst,80000,USD,80000,US,100,US,L,Otro,Desconocido,"6666,67"
242,2021,MI,FT,Data Engineer,110000,USD,110000,US,100,US,L,Otro,Desconocido,"9166,67"
243,2021,SE,FT,Data Scientist,165000,USD,165000,US,100,US,L,Otro,Desconocido,13750
244,2021,EN,FT,AI Scientist,1335000,INR,18053,IN,100,AS,S,Otro,Desconocido,"1504,42"
245,2021,MI,FT,Data Engineer,52500,GBP,72212,GB,50,GB,L,Otro,Desconocido,"6017,67"
246,2021,EN,FT,Data Scientist,31000,EUR,36643,FR,50,FR,L,Otro,Desconocido,"3053,58"
247,2021,MI,FT,Data Engineer,108000,TRY,12103,TR,0,TR,M,Otro,Desconocido,"1008,58"
248,2021,SE,FT,Data Engineer,70000,GBP,96282,GB,50,GB,L,Otro,Desconocido,"8023,5"
249,2021,SE,FT,Principal Data Analyst,170000,USD,170000,US,100,US,M,Otro,Desconocido,"14166,67"
250,2021,MI,FT,Data Scientist,115000,USD,115000,US,50,US,L,Otro,Desconocido,"9583,33"
251,2021,EN,FT,Data Scientist,90000,USD,90000,US,100,US,S,Otro,Desconocido,7500
252,2021,EX,FT,Principal Data Engineer,600000,USD,600000,US,100,US,L,Otro,Desconocido,50000
253,2021,EN,FT,Data Scientist,2100000,INR,28399,IN,100,IN,M,Otro,Desconocido,"2366,58"
254,2021,MI,FT,Data Analyst,93000,USD,93000,US,100,US,L,Otro,Desconocido,7750
255,2021,SE,FT,Big Data Architect,125000,CAD,99703,CA,50,CA,M,Otro,Desconocido,"8308,58"
256,2021,MI,FT,Data Engineer,200000,USD,200000,US,100,US,L,Otro,Desconocido,"16666,67"
257,2021,SE,FT,Principal Data Scientist,147000,EUR,173762,DE,100,DE,M,Otro,Desconocido,"14480,17"
258,2021,SE,FT,Machine Learning Engineer,185000,USD,185000,US,50,US,L,Otro,Desconocido,"15416,67"
259,2021,EX,FT,Director of Data Science,120000,EUR,141846,DE,0,DE,L,Otro,Desconocido,"11820,5"
260,2021,MI,FT,Data Scientist,130000,USD,130000,US,50,US,L,Otro,Desconocido,"10833,33"
261,2021,SE,FT,Data Analyst,54000,EUR,63831,DE,50,DE,L,Otro,Desconocido,"5319,25"
262,2021,MI,FT,Data Scientist,1250000,INR,16904,IN,100,IN,S,Otro,Desconocido,"1408,67"
263,2021,SE,FT,Machine Learning Engineer,4900000,INR,66265,IN,0,IN,L,Otro,Desconocido,"5522,08"
264,2021,MI,FT,Data Scientist,21600,EUR,25532,RS,100,DE,S,Otro,Desconocido,"2127,67"
265,2021,SE,FT,Lead Data Engineer,160000,USD,160000,PR,50,US,S,Otro,Desconocido,"13333,33"
266,2021,MI,FT,Data Engineer,93150,USD,93150,US,0,US,M,Otro,Desconocido,"7762,5"
267,2021,MI,FT,Data Engineer,111775,USD,111775,US,0,US,M,Otro,Desconocido,"9314,58"
268,2021,MI,FT,Data Engineer,250000,TRY,28016,TR,100,TR,M,Otro,Desconocido,"2334,67"
269,2021,EN,FT,Data Engineer,55000,EUR,65013,DE,50,DE,M,Otro,Desconocido,"5417,75"
270,2021,EN,FT,Data Engineer,72500,USD,72500,US,100,US,L,Otro,Desconocido,"6041,67"
271,2021,SE,FT,Computer Vision Engineer,102000,BRL,18907,BR,0,BR,M,Otro,Desconocido,"1575,58"
272,2021,EN,FT,Data Science Consultant,65000,EUR,76833,DE,0,DE,L,Otro,Desconocido,"6402,75"
273,2021,EN,FT,Machine Learning Engineer,85000,USD,85000,NL,100,DE,S,Otro,Desconocido,"7083,33"
274,2021,SE,FT,Data Scientist,65720,EUR,77684,FR,50,FR,M,Otro,Desconocido,"6473,67"
275,2021,EN,FT,Data Scientist,100000,USD,100000,US,100,US,M,Otro,Desconocido,"8333,33"
276,2021,EN,FT,Data Scientist,58000,USD,58000,US,50,US,L,Otro,Desconocido,"4833,33"
277,2021,SE,FT,AI Scientist,55000,USD,55000,ES,100,ES,L,Otro,Desconocido,"4583,33"
278,2021,SE,FT,Data Scientist,180000,TRY,20171,TR,50,TR,L,Otro,Desconocido,"1680,92"
279,2021,EN,FT,Business Data Analyst,50000,EUR,59102,LU,100,LU,L,Otro,Desconocido,"4925,17"
280,2021,MI,FT,Data Engineer,112000,USD,112000,US,100,US,L,Otro,Desconocido,"9333,33"
281,2021,EN,FT,Research Scientist,100000,USD,100000,JE,0,CN,L,Otro,Desconocido,"8333,33"
282,2021,MI,PT,Data Engineer,59000,EUR,69741,NL,100,NL,L,Otro,Desconocido,"5811,75"
283,2021,SE,CT,Staff Data Scientist,105000,USD,105000,US,100,US,M,Otro,Desconocido,8750
284,2021,MI,FT,Research Scientist,69999,USD,69999,CZ,50,CZ,L,Otro,Desconocido,"5833,25"
285,2021,SE,FT,Data Science Manager,7000000,INR,94665,IN,50,IN,L,Otro,Desconocido,"7888,75"
286,2021,SE,FT,Head of Data,87000,EUR,102839,SI,100,SI,L,Otro,Desconocido,"8569,92"
287,2021,MI,FT,Data Scientist,109000,USD,109000,US,50,US,L,Otro,Desconocido,"9083,33"
288,2021,MI,FT,Machine Learning Engineer,43200,EUR,51064,IT,50,IT,L,Otro,Desconocido,"4255,33"
289,2022,SE,FT,Data Engineer,135000,USD,135000,US,100,US,M,Otro,Desconocido,11250
290,2022,SE,FT,Data Analyst,155000,USD,155000,US,100,US,M,Otro,Desconocido,"12916,67"
291,2022,SE,FT,Data Analyst,120600,USD,120600,US,100,US,M,Otro,Desconocido,10050
292,2022,MI,FT,Data Scientist,130000,USD,130000,US,0,US,M,Otro,Desconocido,"10833,33"
293,2022,MI,FT,Data Scientist,90000,USD,90000,US,0,US,M,Otro,Desconocido,7500
294,2022,MI,FT,Data Engineer,170000,USD,170000,US,100,US,M,Otro,Desconocido,"14166,67"
295,2022,MI,FT,Data Engineer,150000,USD,150000,US,100,US,M,Otro,Desconocido,12500
296,2022,SE,FT,Data Analyst,102100,USD,102100,US,100,US,M,Otro,Desconocido,"8508,33"
297,2022,SE,FT,Data Analyst,84900,USD,84900,US,100,US,M,Otro,Desconocido,7075
298,2022,SE,FT,Data Scientist,136620,USD,136620,US,100,US,M,Otro,Desconocido,11385
299,2022,SE,FT,Data Scientist,99360,USD,99360,US,100,US,M,Otro,Desconocido,8280
300,2022,SE,FT,Data Scientist,90000,GBP,117789,GB,0,GB,M,Otro,Desconocido,"9815,75"
301,2022,SE,FT,Data Scientist,80000,GBP,104702,GB,0,GB,M,Otro,Desconocido,"8725,17"
302,2022,SE,FT,Data Scientist,146000,USD,146000,US,100,US,M,Otro,Desconocido,"12166,67"
303,2022,SE,FT,Data Scientist,123000,USD,123000,US,100,US,M,Otro,Desconocido,10250
304,2022,EN,FT,Data Engineer,40000,GBP,52351,GB,100,GB,M,Otro,Desconocido,"4362,58"
305,2022,SE,FT,Data Analyst,99000,USD,99000,US,0,US,M,Otro,Desconocido,8250
306,2022,SE,FT,Data Analyst,116000,USD,116000,US,0,US,M,Otro,Desconocido,"9666,67"
307,2022,MI,FT,Data Analyst,106260,USD,106260,US,0,US,M,Otro,Desconocido,8855
308,2022,MI,FT,Data Analyst,126500,USD,126500,US,0,US,M,Otro,Desconocido,"10541,67"
309,2022,EX,FT,Data Engineer,242000,USD,242000,US,100,US,M,Otro,Desconocido,"20166,67"
310,2022,EX,FT,Data Engineer,200000,USD,200000,US,100,US,M,Otro,Desconocido,"16666,67"
311,2022,MI,FT,Data Scientist,50000,GBP,65438,GB,0,GB,M,Otro,Desconocido,"5453,17"
312,2022,MI,FT,Data Scientist,30000,GBP,39263,GB,0,GB,M,Otro,Desconocido,"3271,92"
313,2022,MI,FT,Data Engineer,60000,GBP,78526,GB,0,GB,M,Otro,Desconocido,"6543,83"
314,2022,MI,FT,Data Engineer,40000,GBP,52351,GB,0,GB,M,Otro,Desconocido,"4362,58"
315,2022,SE,FT,Data Scientist,165220,USD,165220,US,100,US,M,Otro,Desconocido,"13768,33"
316,2022,EN,FT,Data Engineer,35000,GBP,45807,GB,100,GB,M,Otro,Desconocido,"3817,25"
317,2022,SE,FT,Data Scientist,120160,USD,120160,US,100,US,M,Otro,Desconocido,"10013,33"
318,2022,SE,FT,Data Analyst,90320,USD,90320,US,100,US,M,Otro,Desconocido,"7526,67"
319,2022,SE,FT,Data Engineer,181940,USD,181940,US,0,US,M,Otro,Desconocido,"15161,67"
320,2022,SE,FT,Data Engineer,132320,USD,132320,US,0,US,M,Otro,Desconocido,"11026,67"
321,2022,SE,FT,Data Engineer,220110,USD,220110,US,0,US,M,Otro,Desconocido,"18342,5"
322,2022,SE,FT,Data Engineer,160080,USD,160080,US,0,US,M,Otro,Desconocido,13340
323,2022,SE,FT,Data Scientist,180000,USD,180000,US,0,US,L,Otro,Desconocido,15000
324,2022,SE,FT,Data Scientist,120000,USD,120000,US,0,US,L,Otro,Desconocido,10000
325,2022,SE,FT,Data Analyst,124190,USD,124190,US,100,US,M,Otro,Desconocido,"10349,17"
326,2022,EX,FT,Data Analyst,130000,USD,130000,US,100,US,M,Otro,Desconocido,"10833,33"
327,2022,EX,FT,Data Analyst,110000,USD,110000,US,100,US,M,Otro,Desconocido,"9166,67"
328,2022,SE,FT,Data Analyst,170000,USD,170000,US,100,US,M,Otro,Desconocido,"14166,67"
329,2022,MI,FT,Data Analyst,115500,USD,115500,US,100,US,M,Otro,Desconocido,9625
330,2022,SE,FT,Data Analyst,112900,USD,112900,US,100,US,M,Otro,Desconocido,"9408,33"
331,2022,SE,FT,Data Analyst,90320,USD,90320,US,100,US,M,Otro,Desconocido,"7526,67"
332,2022,SE,FT,Data Analyst,112900,USD,112900,US,100,US,M,Otro,Desconocido,"9408,33"
333,2022,SE,FT,Data Analyst,90320,USD,90320,US,100,US,M,Otro,Desconocido,"7526,67"
334,2022,SE,FT,Data Engineer,165400,USD,165400,US,100,US,M,Otro,Desconocido,"13783,33"
335,2022,SE,FT,Data Engineer,132320,USD,132320,US,100,US,M,Otro,Desconocido,"11026,67"
336,2022,MI,FT,Data Analyst,167000,USD,167000,US,100,US,M,Otro,Desconocido,"13916,67"
337,2022,SE,FT,Data Engineer,243900,USD,243900,US,100,US,M,Otro,Desconocido,20325
338,2022,SE,FT,Data Analyst,136600,USD,136600,US,100,US,M,Otro,Desconocido,"11383,33"
339,2022,SE,FT,Data Analyst,109280,USD,109280,US,100,US,M,Otro,Desconocido,"9106,67"
340,2022,SE,FT,Data Engineer,128875,USD,128875,US,100,US,M,Otro,Desconocido,"10739,58"
341,2022,SE,FT,Data Engineer,93700,USD,93700,US,100,US,M,Otro,Desconocido,"7808,33"
342,2022,EX,FT,Head of Data Science,224000,USD,224000,US,100,US,M,Otro,Desconocido,"18666,67"
343,2022,EX,FT,Head of Data Science,167875,USD,167875,US,100,US,M,Otro,Desconocido,"13989,58"
344,2022,EX,FT,Analytics Engineer,175000,USD,175000,US,100,US,M,Otro,Desconocido,"14583,33"
345,2022,SE,FT,Data Engineer,156600,USD,156600,US,100,US,M,Otro,Desconocido,13050
346,2022,SE,FT,Data Engineer,108800,USD,108800,US,0,US,M,Otro,Desconocido,"9066,67"
347,2022,SE,FT,Data Scientist,95550,USD,95550,US,0,US,M,Otro,Desconocido,"7962,5"
348,2022,SE,FT,Data Engineer,113000,USD,113000,US,0,US,L,Otro,Desconocido,"9416,67"
349,2022,SE,FT,Data Analyst,135000,USD,135000,US,100,US,M,Otro,Desconocido,11250
350,2022,SE,FT,Data Science Manager,161342,USD,161342,US,100,US,M,Otro,Desconocido,"13445,17"
351,2022,SE,FT,Data Science Manager,137141,USD,137141,US,100,US,M,Otro,Desconocido,"11428,42"
352,2022,SE,FT,Data Scientist,167000,USD,167000,US,100,US,M,Otro,Desconocido,"13916,67"
353,2022,SE,FT,Data Scientist,123000,USD,123000,US,100,US,M,Otro,Desconocido,10250
354,2022,SE,FT,Data Engineer,60000,GBP,78526,GB,0,GB,M,Otro,Desconocido,"6543,83"
355,2022,SE,FT,Data Engineer,50000,GBP,65438,GB,0,GB,M,Otro,Desconocido,"5453,17"
356,2022,SE,FT,Data Scientist,150000,USD,150000,US,0,US,M,Otro,Desconocido,12500
357,2022,SE,FT,Data Scientist,211500,USD,211500,US,100,US,M,Otro,Desconocido,17625
358,2022,SE,FT,Data Architect,192400,USD,192400,CA,100,CA,M,Otro,Desconocido,"16033,33"
359,2022,SE,FT,Data Architect,90700,USD,90700,CA,100,CA,M,Otro,Desconocido,"7558,33"
360,2022,SE,FT,Data Analyst,130000,USD,130000,CA,100,CA,M,Otro,Desconocido,"10833,33"
361,2022,SE,FT,Data Analyst,61300,USD,61300,CA,100,CA,M,Otro,Desconocido,"5108,33"
362,2022,SE,FT,Data Analyst,130000,USD,130000,CA,100,CA,M,Otro,Desconocido,"10833,33"
363,2022,SE,FT,Data Analyst,61300,USD,61300,CA,100,CA,M,Otro,Desconocido,"5108,33"
364,2022,SE,FT,Data Engineer,160000,USD,160000,US,0,US,L,Otro,Desconocido,"13333,33"
365,2022,SE,FT,Data Scientist,138600,USD,138600,US,100,US,M,Otro,Desconocido,11550
366,2022,SE,FT,Data Engineer,136000,USD,136000,US,0,US,M,Otro,Desconocido,"11333,33"
367,2022,MI,FT,Data Analyst,58000,USD,58000,US,0,US,S,Otro,Desconocido,"4833,33"
368,2022,EX,FT,Analytics Engineer,135000,USD,135000,US,100,US,M,Otro,Desconocido,11250
369,2022,SE,FT,Data Scientist,170000,USD,170000,US,100,US,M,Otro,Desconocido,"14166,67"
370,2022,SE,FT,Data Scientist,123000,USD,123000,US,100,US,M,Otro,Desconocido,10250
371,2022,SE,FT,Machine Learning Engineer,189650,USD,189650,US,0,US,M,Otro,Desconocido,"15804,17"
372,2022,SE,FT,Machine Learning Engineer,164996,USD,164996,US,0,US,M,Otro,Desconocido,"13749,67"
373,2022,MI,FT,ETL Developer,50000,EUR,54957,GR,0,GR,M,Otro,Desconocido,"4579,75"
374,2022,MI,FT,ETL Developer,50000,EUR,54957,GR,0,GR,M,Otro,Desconocido,"4579,75"
375,2022,EX,FT,Lead Data Engineer,150000,CAD,118187,CA,100,CA,S,Otro,Desconocido,"9848,92"
376,2022,SE,FT,Data Analyst,132000,USD,132000,US,0,US,M,Otro,Desconocido,11000
377,2022,SE,FT,Data Engineer,165400,USD,165400,US,100,US,M,Otro,Desconocido,"13783,33"
378,2022,SE,FT,Data Architect,208775,USD,208775,US,100,US,M,Otro,Desconocido,"17397,92"
379,2022,SE,FT,Data Architect,147800,USD,147800,US,100,US,M,Otro,Desconocido,"12316,67"
380,2022,SE,FT,Data Engineer,136994,USD,136994,US,100,US,M,Otro,Desconocido,"11416,17"
381,2022,SE,FT,Data Engineer,101570,USD,101570,US,100,US,M,Otro,Desconocido,"8464,17"
382,2022,SE,FT,Data Analyst,128875,USD,128875,US,100,US,M,Otro,Desconocido,"10739,58"
383,2022,SE,FT,Data Analyst,93700,USD,93700,US,100,US,M,Otro,Desconocido,"7808,33"
384,2022,EX,FT,Head of Machine Learning,6000000,INR,79039,IN,50,IN,L,Otro,Desconocido,"6586,58"
385,2022,SE,FT,Data Engineer,132320,USD,132320,US,100,US,M,Otro,Desconocido,"11026,67"
386,2022,EN,FT,Machine Learning Engineer,28500,GBP,37300,GB,100,GB,L,Otro,Desconocido,"3108,33"
387,2022,SE,FT,Data Analyst,164000,USD,164000,US,0,US,M,Otro,Desconocido,"13666,67"
388,2022,SE,FT,Data Engineer,155000,USD,155000,US,100,US,M,Otro,Desconocido,"12916,67"
389,2022,MI,FT,Machine Learning Engineer,95000,GBP,124333,GB,0,GB,M,Otro,Desconocido,"10361,08"
390,2022,MI,FT,Machine Learning Engineer,75000,GBP,98158,GB,0,GB,M,Otro,Desconocido,"8179,83"
391,2022,MI,FT,AI Scientist,120000,USD,120000,US,0,US,M,Otro,Desconocido,10000
392,2022,SE,FT,Data Analyst,112900,USD,112900,US,100,US,M,Otro,Desconocido,"9408,33"
393,2022,SE,FT,Data Analyst,90320,USD,90320,US,100,US,M,Otro,Desconocido,"7526,67"
394,2022,SE,FT,Data Analytics Manager,145000,USD,145000,US,100,US,M,Otro,Desconocido,"12083,33"
395,2022,SE,FT,Data Analytics Manager,105400,USD,105400,US,100,US,M,Otro,Desconocido,"8783,33"
396,2022,MI,FT,Machine Learning Engineer,80000,EUR,87932,FR,100,DE,M,Otro,Desconocido,"7327,67"
397,2022,MI,FT,Data Engineer,90000,GBP,117789,GB,0,GB,M,Otro,Desconocido,"9815,75"
398,2022,SE,FT,Data Scientist,215300,USD,215300,US,100,US,L,Otro,Desconocido,"17941,67"
399,2022,SE,FT,Data Scientist,158200,USD,158200,US,100,US,L,Otro,Desconocido,"13183,33"
400,2022,SE,FT,Data Engineer,209100,USD,209100,US,100,US,L,Otro,Desconocido,17425
401,2022,SE,FT,Data Engineer,154600,USD,154600,US,100,US,L,Otro,Desconocido,"12883,33"
402,2022,SE,FT,Data Analyst,115934,USD,115934,US,0,US,M,Otro,Desconocido,"9661,17"
403,2022,SE,FT,Data Analyst,81666,USD,81666,US,0,US,M,Otro,Desconocido,"6805,5"
404,2022,SE,FT,Data Engineer,175000,USD,175000,US,100,US,M,Otro,Desconocido,"14583,33"
405,2022,MI,FT,Data Engineer,75000,GBP,98158,GB,0,GB,M,Otro,Desconocido,"8179,83"
406,2022,MI,FT,Data Analyst,58000,USD,58000,US,0,US,S,Otro,Desconocido,"4833,33"
407,2022,SE,FT,Data Engineer,183600,USD,183600,US,100,US,L,Otro,Desconocido,15300
408,2022,MI,FT,Data Analyst,40000,GBP,52351,GB,100,GB,M,Otro,Desconocido,"4362,58"
409,2022,SE,FT,Data Scientist,180000,USD,180000,US,100,US,M,Otro,Desconocido,15000
410,2022,MI,FT,Data Scientist,55000,GBP,71982,GB,0,GB,M,Otro,Desconocido,"5998,5"
411,2022,MI,FT,Data Scientist,35000,GBP,45807,GB,0,GB,M,Otro,Desconocido,"3817,25"
412,2022,MI,FT,Data Engineer,60000,EUR,65949,GR,100,GR,M,Otro,Desconocido,"5495,75"
413,2022,MI,FT,Data Engineer,45000,EUR,49461,GR,100,GR,M,Otro,Desconocido,"4121,75"
414,2022,MI,FT,Data Engineer,60000,GBP,78526,GB,100,GB,M,Otro,Desconocido,"6543,83"
415,2022,MI,FT,Data Engineer,45000,GBP,58894,GB,100,GB,M,Otro,Desconocido,"4907,83"
416,2022,SE,FT,Data Scientist,260000,USD,260000,US,100,US,M,Otro,Desconocido,"21666,67"
417,2022,SE,FT,Data Science Engineer,60000,USD,60000,AR,100,MX,L,Otro,Desconocido,5000
418,2022,MI,FT,Data Engineer,63900,USD,63900,US,0,US,M,Otro,Desconocido,5325
419,2022,MI,FT,Machine Learning Scientist,160000,USD,160000,US,100,US,L,Otro,Desconocido,"13333,33"
420,2022,MI,FT,Machine Learning Scientist,112300,USD,112300,US,100,US,L,Otro,Desconocido,"9358,33"
421,2022,MI,FT,Data Science Manager,241000,USD,241000,US,100,US,M,Otro,Desconocido,"20083,33"
422,2022,MI,FT,Data Science Manager,159000,USD,159000,US,100,US,M,Otro,Desconocido,13250
423,2022,SE,FT,Data Scientist,180000,USD,180000,US,0,US,M,Otro,Desconocido,15000
424,2022,SE,FT,Data Scientist,80000,USD,80000,US,0,US,M,Otro,Desconocido,"6666,67"
425,2022,MI,FT,Data Engineer,82900,USD,82900,US,0,US,M,Otro,Desconocido,"6908,33"
426,2022,SE,FT,Data Engineer,100800,USD,100800,US,100,US,L,Otro,Desconocido,8400
427,2022,MI,FT,Data Engineer,45000,EUR,49461,ES,100,ES,M,Otro,Desconocido,"4121,75"
428,2022,SE,FT,Data Scientist,140400,USD,140400,US,0,US,L,Otro,Desconocido,11700
429,2022,MI,FT,Data Analyst,30000,GBP,39263,GB,100,GB,M,Otro,Desconocido,"3271,92"
430,2022,MI,FT,Data Analyst,40000,EUR,43966,ES,100,ES,M,Otro,Desconocido,"3663,83"
431,2022,MI,FT,Data Analyst,30000,EUR,32974,ES,100,ES,M,Otro,Desconocido,"2747,83"
432,2022,MI,FT,Data Engineer,80000,EUR,87932,ES,100,ES,M,Otro,Desconocido,"7327,67"
433,2022,MI,FT,Data Engineer,70000,EUR,76940,ES,100,ES,M,Otro,Desconocido,"6411,67"
434,2022,MI,FT,Data Engineer,80000,GBP,104702,GB,100,GB,M,Otro,Desconocido,"8725,17"
435,2022,MI,FT,Data Engineer,70000,GBP,91614,GB,100,GB,M,Otro,Desconocido,"7634,5"
436,2022,MI,FT,Data Engineer,60000,EUR,65949,ES,100,ES,M,Otro,Desconocido,"5495,75"
437,2022,MI,FT,Data Engineer,80000,EUR,87932,GR,100,GR,M,Otro,Desconocido,"7327,67"
438,2022,SE,FT,Machine Learning Engineer,189650,USD,189650,US,0,US,M,Otro,Desconocido,"15804,17"
439,2022,SE,FT,Machine Learning Engineer,164996,USD,164996,US,0,US,M,Otro,Desconocido,"13749,67"
440,2022,MI,FT,Data Analyst,40000,EUR,43966,GR,100,GR,M,Otro,Desconocido,"3663,83"
441,2022,MI,FT,Data Analyst,30000,EUR,32974,GR,100,GR,M,Otro,Desconocido,"2747,83"
442,2022,MI,FT,Data Engineer,75000,GBP,98158,GB,100,GB,M,Otro,Desconocido,"8179,83"
443,2022,MI,FT,Data Engineer,60000,GBP,78526,GB,100,GB,M,Otro,Desconocido,"6543,83"
444,2022,SE,FT,Data Scientist,215300,USD,215300,US,0,US,L,Otro,Desconocido,"17941,67"
445,2022,MI,FT,Data Engineer,70000,EUR,76940,GR,100,GR,M,Otro,Desconocido,"6411,67"
446,2022,SE,FT,Data Engineer,209100,USD,209100,US,100,US,L,Otro,Desconocido,17425
447,2022,SE,FT,Data Engineer,154600,USD,154600,US,100,US,L,Otro,Desconocido,"12883,33"
448,2022,SE,FT,Data Engineer,180000,USD,180000,US,100,US,M,Otro,Desconocido,15000
449,2022,EN,FT,ML Engineer,20000,EUR,21983,PT,100,PT,L,Otro,Desconocido,"1831,92"
450,2022,SE,FT,Data Engineer,80000,USD,80000,US,100,US,M,Otro,Desconocido,"6666,67"
451,2022,MI,FT,Machine Learning Developer,100000,CAD,78791,CA,100,CA,M,Otro,Desconocido,"6565,92"
452,2022,EX,FT,Director of Data Science,250000,CAD,196979,CA,50,CA,L,Otro,Desconocido,"16414,92"
453,2022,MI,FT,Machine Learning Engineer,120000,USD,120000,US,100,US,S,Otro,Desconocido,10000
454,2022,EN,FT,Computer Vision Engineer,125000,USD,125000,US,0,US,M,Otro,Desconocido,"10416,67"
455,2022,MI,FT,NLP Engineer,240000,CNY,37236,US,50,US,L,Otro,Desconocido,3103
456,2022,SE,FT,Data Engineer,105000,USD,105000,US,100,US,M,Otro,Desconocido,8750
457,2022,SE,FT,Lead Machine Learning Engineer,80000,EUR,87932,DE,0,DE,M,Otro,Desconocido,"7327,67"
458,2022,MI,FT,Business Data Analyst,1400000,INR,18442,IN,100,IN,M,Otro,Desconocido,"1536,83"
459,2022,MI,FT,Data Scientist,2400000,INR,31615,IN,100,IN,L,Otro,Desconocido,"2634,58"
460,2022,MI,FT,Machine Learning Infrastructure Engineer,53000,EUR,58255,PT,50,PT,L,Otro,Desconocido,"4854,58"
461,2022,EN,FT,Financial Data Analyst,100000,USD,100000,US,50,US,L,Otro,Desconocido,"8333,33"
462,2022,MI,PT,Data Engineer,50000,EUR,54957,DE,50,DE,L,Otro,Desconocido,"4579,75"
463,2022,EN,FT,Data Scientist,1400000,INR,18442,IN,100,IN,M,Otro,Desconocido,"1536,83"
464,2022,SE,FT,Principal Data Scientist,148000,EUR,162674,DE,100,DE,M,Otro,Desconocido,"13556,17"
465,2022,EN,FT,Data Engineer,120000,USD,120000,US,100,US,M,Otro,Desconocido,10000
466,2022,SE,FT,Research Scientist,144000,USD,144000,US,50,US,L,Otro,Desconocido,12000
467,2022,SE,FT,Data Scientist,104890,USD,104890,US,100,US,M,Otro,Desconocido,"8740,83"
468,2022,SE,FT,Data Engineer,100000,USD,100000,US,100,US,M,Otro,Desconocido,"8333,33"
469,2022,SE,FT,Data Scientist,140000,USD,140000,US,100,US,M,Otro,Desconocido,"11666,67"
470,2022,MI,FT,Data Analyst,135000,USD,135000,US,100,US,M,Otro,Desconocido,11250
471,2022,MI,FT,Data Analyst,50000,USD,50000,US,100,US,M,Otro,Desconocido,"4166,67"
472,2022,SE,FT,Data Scientist,220000,USD,220000,US,100,US,M,Otro,Desconocido,"18333,33"
473,2022,SE,FT,Data Scientist,140000,USD,140000,US,100,US,M,Otro,Desconocido,"11666,67"
474,2022,MI,FT,Data Scientist,140000,GBP,183228,GB,0,GB,M,Otro,Desconocido,15269
475,2022,MI,FT,Data Scientist,70000,GBP,91614,GB,0,GB,M,Otro,Desconocido,"7634,5"
476,2022,SE,FT,Data Scientist,185100,USD,185100,US,100,US,M,Otro,Desconocido,15425
477,2022,SE,FT,Machine Learning Engineer,220000,USD,220000,US,100,US,M,Otro,Desconocido,"18333,33"
478,2022,MI,FT,Data Scientist,200000,USD,200000,US,100,US,M,Otro,Desconocido,"16666,67"
479,2022,MI,FT,Data Scientist,120000,USD,120000,US,100,US,M,Otro,Desconocido,10000
480,2022,SE,FT,Machine Learning Engineer,120000,USD,120000,AE,100,AE,S,Otro,Desconocido,10000
481,2022,SE,FT,Machine Learning Engineer,65000,USD,65000,AE,100,AE,S,Otro,Desconocido,"5416,67"
482,2022,EX,FT,Data Engineer,324000,USD,324000,US,100,US,M,Otro,Desconocido,27000
483,2022,EX,FT,Data Engineer,216000,USD,216000,US,100,US,M,Otro,Desconocido,18000
484,2022,SE,FT,Data Engineer,210000,USD,210000,US,100,US,M,Otro,Desconocido,17500
485,2022,SE,FT,Machine Learning Engineer,120000,USD,120000,US,100,US,M,Otro,Desconocido,10000
486,2022,SE,FT,Data Scientist,230000,USD,230000,US,100,US,M,Otro,Desconocido,"19166,67"
487,2022,EN,PT,Data Scientist,100000,USD,100000,DZ,50,DZ,M,Otro,Desconocido,"8333,33"
488,2022,MI,FL,Data Scientist,100000,USD,100000,CA,100,US,M,Otro,Desconocido,"8333,33"
489,2022,EN,CT,Applied Machine Learning Scientist,29000,EUR,31875,TN,100,CZ,M,Otro,Desconocido,"2656,25"
490,2022,SE,FT,Head of Data,200000,USD,200000,MY,100,US,M,Otro,Desconocido,"16666,67"
491,2022,MI,FT,Principal Data Analyst,75000,USD,75000,CA,100,CA,S,Otro,Desconocido,6250
492,2022,MI,FT,Data Scientist,150000,PLN,35590,PL,100,PL,L,Otro,Desconocido,"2965,83"
493,2022,SE,FT,Machine Learning Developer,100000,CAD,78791,CA,100,CA,M,Otro,Desconocido,"6565,92"
494,2022,SE,FT,Data Scientist,100000,USD,100000,BR,100,US,M,Otro,Desconocido,"8333,33"
495,2022,MI,FT,Machine Learning Scientist,153000,USD,153000,US,50,US,M,Otro,Desconocido,12750
496,2022,EN,FT,Data Engineer,52800,EUR,58035,PK,100,DE,M,Otro,Desconocido,"4836,25"
497,2022,SE,FT,Data Scientist,165000,USD,165000,US,100,US,M,Otro,Desconocido,13750
498,2022,SE,FT,Research Scientist,85000,EUR,93427,FR,50,FR,L,Otro,Desconocido,"7785,58"
499,2022,EN,FT,Data Scientist,66500,CAD,52396,CA,100,CA,L,Otro,Desconocido,"4366,33"
500,2022,SE,FT,Machine Learning Engineer,57000,EUR,62651,NL,100,NL,L,Otro,Desconocido,"5220,92"
501,2022,MI,FT,Head of Data,30000,EUR,32974,EE,100,EE,S,Otro,Desconocido,"2747,83"
502,2022,EN,FT,Data Scientist,40000,USD,40000,JP,100,MY,L,Otro,Desconocido,"3333,33"
503,2022,MI,FT,Machine Learning Engineer,121000,AUD,87425,AU,100,AU,L,Otro,Desconocido,"7285,42"
504,2022,SE,FT,Data Engineer,115000,USD,115000,US,100,US,M,Otro,Desconocido,"9583,33"
505,2022,EN,FT,Data Scientist,120000,AUD,86703,AU,50,AU,M,Otro,Desconocido,"7225,25"
506,2022,MI,FT,Applied Machine Learning Scientist,75000,USD,75000,BO,100,US,L,Otro,Desconocido,6250
507,2022,MI,FT,Research Scientist,59000,EUR,64849,AT,0,AT,L,Otro,Desconocido,"5404,08"
508,2022,EN,FT,Research Scientist,120000,USD,120000,US,100,US,L,Otro,Desconocido,10000
509,2022,MI,FT,Applied Data Scientist,157000,USD,157000,US,100,US,L,Otro,Desconocido,"13083,33"
510,2022,EN,FT,Computer Vision Software Engineer,150000,USD,150000,AU,100,AU,S,Otro,Desconocido,12500
511,2022,MI,FT,Business Data Analyst,90000,CAD,70912,CA,50,CA,L,Otro,Desconocido,"5909,33"
512,2022,EN,FT,Data Engineer,65000,USD,65000,US,100,US,S,Otro,Desconocido,"5416,67"
513,2022,SE,FT,Machine Learning Engineer,65000,EUR,71444,IE,100,IE,S,Otro,Desconocido,"5953,67"
514,2022,EN,FT,Data Analytics Engineer,20000,USD,20000,PK,0,PK,M,Otro,Desconocido,"1666,67"
515,2022,MI,FT,Data Scientist,48000,USD,48000,RU,100,US,S,Otro,Desconocido,4000
516,2022,SE,FT,Data Science Manager,152500,USD,152500,US,100,US,M,Otro,Desconocido,"12708,33"
517,2022,MI,FT,Data Engineer,62000,EUR,68147,FR,100,FR,M,Otro,Desconocido,"5678,92"
518,2022,MI,FT,Data Scientist,115000,CHF,122346,CH,0,CH,L,Otro,Desconocido,"10195,5"
519,2022,SE,FT,Applied Data Scientist,380000,USD,380000,US,100,US,L,Otro,Desconocido,"31666,67"
520,2022,MI,FT,Data Scientist,88000,CAD,69336,CA,100,CA,M,Otro,Desconocido,5778
521,2022,EN,FT,Computer Vision Engineer,10000,USD,10000,PT,100,LU,M,Otro,Desconocido,"833,33"
522,2022,MI,FT,Data Analyst,20000,USD,20000,GR,100,GR,S,Otro,Desconocido,"1666,67"
523,2022,SE,FT,Data Analytics Lead,405000,USD,405000,US,100,US,L,Otro,Desconocido,33750
524,2022,MI,FT,Data Scientist,135000,USD,135000,US,100,US,L,Otro,Desconocido,11250
525,2022,SE,FT,Applied Data Scientist,177000,USD,177000,US,100,US,L,Otro,Desconocido,14750
526,2022,MI,FT,Data Scientist,78000,USD,78000,US,100,US,M,Otro,Desconocido,6500
527,2022,SE,FT,Data Analyst,135000,USD,135000,US,100,US,M,Otro,Desconocido,11250
528,2022,SE,FT,Data Analyst,100000,USD,100000,US,100,US,M,Otro,Desconocido,"8333,33"
529,2022,SE,FT,Data Analyst,90320,USD,90320,US,100,US,M,Otro,Desconocido,"7526,67"
530,2022,MI,FT,Data Analyst,85000,USD,85000,CA,0,CA,M,Otro,Desconocido,"7083,33"
531,2022,MI,FT,Data Analyst,75000,USD,75000,CA,0,CA,M,Otro,Desconocido,6250
532,2022,SE,FT,Machine Learning Engineer,214000,USD,214000,US,100,US,M,Otro,Desconocido,"17833,33"
533,2022,SE,FT,Machine Learning Engineer,192600,USD,192600,US,100,US,M,Otro,Desconocido,16050
534,2022,SE,FT,Data Architect,266400,USD,266400,US,100,US,M,Otro,Desconocido,22200
535,2022,SE,FT,Data Architect,213120,USD,213120,US,100,US,M,Otro,Desconocido,17760
536,2022,SE,FT,Data Analyst,112900,USD,112900,US,100,US,M,Otro,Desconocido,"9408,33"
537,2022,SE,FT,Data Engineer,155000,USD,155000,US,100,US,M,Otro,Desconocido,"12916,67"
538,2022,MI,FT,Data Scientist,141300,USD,141300,US,0,US,M,Otro,Desconocido,11775
539,2022,MI,FT,Data Scientist,102100,USD,102100,US,0,US,M,Otro,Desconocido,"8508,33"
540,2022,SE,FT,Data Analyst,115934,USD,115934,US,100,US,M,Otro,Desconocido,"9661,17"
541,2022,SE,FT,Data Analyst,81666,USD,81666,US,100,US,M,Otro,Desconocido,"6805,5"
542,2022,MI,FT,Data Engineer,206699,USD,206699,US,0,US,M,Otro,Desconocido,"17224,92"
543,2022,MI,FT,Data Engineer,99100,USD,99100,US,0,US,M,Otro,Desconocido,"8258,33"
544,2022,SE,FT,Data Engineer,130000,USD,130000,US,100,US,M,Otro,Desconocido,"10833,33"
545,2022,SE,FT,Data Engineer,115000,USD,115000,US,100,US,M,Otro,Desconocido,"9583,33"
546,2022,SE,FT,Data Engineer,110500,USD,110500,US,100,US,M,Otro,Desconocido,"9208,33"
547,2022,SE,FT,Data Engineer,130000,USD,130000,US,100,US,M,Otro,Desconocido,"10833,33"
548,2022,SE,FT,Data Analyst,99050,USD,99050,US,100,US,M,Otro,Desconocido,"8254,17"
549,2022,SE,FT,Data Engineer,160000,USD,160000,US,100,US,M,Otro,Desconocido,"13333,33"
550,2022,SE,FT,Data Scientist,205300,USD,205300,US,0,US,L,Otro,Desconocido,"17108,33"
551,2022,SE,FT,Data Scientist,140400,USD,140400,US,0,US,L,Otro,Desconocido,11700
552,2022,SE,FT,Data Scientist,176000,USD,176000,US,100,US,M,Otro,Desconocido,"14666,67"
553,2022,SE,FT,Data Scientist,144000,USD,144000,US,100,US,M,Otro,Desconocido,12000
554,2022,SE,FT,Data Engineer,200100,USD,200100,US,100,US,M,Otro,Desconocido,16675
555,2022,SE,FT,Data Engineer,160000,USD,160000,US,100,US,M,Otro,Desconocido,"13333,33"
556,2022,SE,FT,Data Engineer,145000,USD,145000,US,100,US,M,Otro,Desconocido,"12083,33"
557,2022,SE,FT,Data Engineer,70500,USD,70500,US,0,US,M,Otro,Desconocido,5875
558,2022,SE,FT,Data Scientist,205300,USD,205300,US,0,US,M,Otro,Desconocido,"17108,33"
559,2022,SE,FT,Data Scientist,140400,USD,140400,US,0,US,M,Otro,Desconocido,11700
560,2022,SE,FT,Analytics Engineer,205300,USD,205300,US,0,US,M,Otro,Desconocido,"17108,33"
561,2022,SE,FT,Analytics Engineer,184700,USD,184700,US,0,US,M,Otro,Desconocido,"15391,67"
562,2022,SE,FT,Data Engineer,175100,USD,175100,US,100,US,M,Otro,Desconocido,"14591,67"
563,2022,SE,FT,Data Engineer,140250,USD,140250,US,100,US,M,Otro,Desconocido,"11687,5"
564,2022,SE,FT,Data Analyst,116150,USD,116150,US,100,US,M,Otro,Desconocido,"9679,17"
565,2022,SE,FT,Data Engineer,54000,USD,54000,US,0,US,M,Otro,Desconocido,4500
566,2022,SE,FT,Data Analyst,170000,USD,170000,US,100,US,M,Otro,Desconocido,"14166,67"
567,2022,MI,FT,Data Analyst,50000,GBP,65438,GB,0,GB,M,Otro,Desconocido,"5453,17"
568,2022,SE,FT,Data Analyst,80000,USD,80000,US,100,US,M,Otro,Desconocido,"6666,67"
569,2022,SE,FT,Data Scientist,140000,USD,140000,US,100,US,M,Otro,Desconocido,"11666,67"
570,2022,SE,FT,Data Scientist,210000,USD,210000,US,100,US,M,Otro,Desconocido,17500
571,2022,SE,FT,Data Scientist,140000,USD,140000,US,100,US,M,Otro,Desconocido,"11666,67"
572,2022,SE,FT,Data Analyst,100000,USD,100000,US,100,US,M,Otro,Desconocido,"8333,33"
573,2022,SE,FT,Data Analyst,69000,USD,69000,US,100,US,M,Otro,Desconocido,5750
574,2022,SE,FT,Data Scientist,210000,USD,210000,US,100,US,M,Otro,Desconocido,17500
575,2022,SE,FT,Data Scientist,140000,USD,140000,US,100,US,M,Otro,Desconocido,"11666,67"
576,2022,SE,FT,Data Scientist,210000,USD,210000,US,100,US,M,Otro,Desconocido,17500
577,2022,SE,FT,Data Analyst,150075,USD,150075,US,100,US,M,Otro,Desconocido,"12506,25"
578,2022,SE,FT,Data Engineer,100000,USD,100000,US,100,US,M,Otro,Desconocido,"8333,33"
579,2022,SE,FT,Data Engineer,25000,USD,25000,US,100,US,M,Otro,Desconocido,"2083,33"
580,2022,SE,FT,Data Analyst,126500,USD,126500,US,100,US,M,Otro,Desconocido,"10541,67"
581,2022,SE,FT,Data Analyst,106260,USD,106260,US,100,US,M,Otro,Desconocido,8855
582,2022,SE,FT,Data Engineer,220110,USD,220110,US,100,US,M,Otro,Desconocido,"18342,5"
583,2022,SE,FT,Data Engineer,160080,USD,160080,US,100,US,M,Otro,Desconocido,13340
584,2022,SE,FT,Data Analyst,105000,USD,105000,US,100,US,M,Otro,Desconocido,8750
585,2022,SE,FT,Data Analyst,110925,USD,110925,US,100,US,M,Otro,Desconocido,"9243,75"
586,2022,MI,FT,Data Analyst,35000,GBP,45807,GB,0,GB,M,Otro,Desconocido,"3817,25"
587,2022,SE,FT,Data Scientist,140000,USD,140000,US,100,US,M,Otro,Desconocido,"11666,67"
588,2022,SE,FT,Data Analyst,99000,USD,99000,US,0,US,M,Otro,Desconocido,8250
589,2022,SE,FT,Data Analyst,60000,USD,60000,US,100,US,M,Otro,Desconocido,5000
590,2022,SE,FT,Data Architect,192564,USD,192564,US,100,US,M,Otro,Desconocido,16047
591,2022,SE,FT,Data Architect,144854,USD,144854,US,100,US,M,Otro,Desconocido,"12071,17"
592,2022,SE,FT,Data Scientist,230000,USD,230000,US,100,US,M,Otro,Desconocido,"19166,67"
593,2022,SE,FT,Data Scientist,150000,USD,150000,US,100,US,M,Otro,Desconocido,12500
594,2022,SE,FT,Data Analytics Manager,150260,USD,150260,US,100,US,M,Otro,Desconocido,"12521,67"
595,2022,SE,FT,Data Analytics Manager,109280,USD,109280,US,100,US,M,Otro,Desconocido,"9106,67"
596,2022,SE,FT,Data Scientist,210000,USD,210000,US,100,US,M,Otro,Desconocido,17500
597,2022,SE,FT,Data Analyst,170000,USD,170000,US,100,US,M,Otro,Desconocido,"14166,67"
598,2022,MI,FT,Data Scientist,160000,USD,160000,US,100,US,M,Otro,Desconocido,"13333,33"
599,2022,MI,FT,Data Scientist,130000,USD,130000,US,100,US,M,Otro,Desconocido,"10833,33"
600,2022,EN,FT,Data Analyst,67000,USD,67000,CA,0,CA,M,Otro,Desconocido,"5583,33"
601,2022,EN,FT,Data Analyst,52000,USD,52000,CA,0,CA,M,Otro,Desconocido,"4333,33"
602,2022,SE,FT,Data Engineer,154000,USD,154000,US,100,US,M,Otro,Desconocido,"12833,33"
603,2022,SE,FT,Data Engineer,126000,USD,126000,US,100,US,M,Otro,Desconocido,10500
604,2022,SE,FT,Data Analyst,129000,USD,129000,US,0,US,M,Otro,Desconocido,10750
605,2022,SE,FT,Data Analyst,150000,USD,150000,US,100,US,M,Otro,Desconocido,12500
606,2022,MI,FT,AI Scientist,200000,USD,200000,IN,100,US,L,Otro,Desconocido,"16666,67"