id,name,rating,address,city,lat,long
243,che-lo-union-city-2,5,1767 Decoto Blvd,Union City,375.895.628.278.523,-122022492714298
88,super-cue-cafe-san-francisco-2,5,1330 Ocean Ave,San Francisco,377.242.954.229.777,-122457044541931
133,t4-san-leandro,5,1443 E 14th St,San Leandro,37.723.825,-122154662999999
6,gong-cha-fremont,5,46827 Warm Springs Blvd,Fremont,374.885.682.635.695,-121929191268869
271,happy-lemon-sunnyvale-2,5,605 E El Camino Real,Sunnyvale,3.736.189,-122024539999999
218,ohana-hawaiian-bbq-of-pleasanton-pleasanton,5,5410 Sunol Blvd,Pleasanton,376.522.299.999.999,-1218786
65,infinitea-san-francisco,5,5351 Geary Blvd,San Francisco,37.780.295.679.705,-122477084781597
160,amor-cafe-and-tea-san-jose,5,110 E San Fernando St,San Jose,373.354.549.999.999,-121886596
23,boba-queen-fremont,5,34420 Fremont Blvd,Fremont,375.757,-122039769999999
89,puppy-bobar-san-francisco,5,1142 Grant Ave,San Francisco,377.975.399.525.428,-122406789958477
128,qteabar-oakland,5,478 Lake Park Ave,Oakland,378.110.686.341.717,-12224723573774
147,bobateani-san-jose,5,75 E Santa Clara St,San Jose,3.733.709,-12188941
365,taza-deli-and-cafe-redwood-city,5,1796 Broadway,Redwood City,374.868.656,-122223413299999
368,mr-green-bubble-sunnyvale,5,1255 S Mary Ave,Sunnyvale,3.735.338,-12205071
397,i-tea-burlingame-2,5,346 Lorton Ave,Burlingame,375.801.206,-122346889099999
426,waterfront-cafe-burlingame,5,500 Airport Blvd,Burlingame,37.590.323,-12234142
505,golden-bakery-pittsburg,5,2229 Railroad Ave,Pittsburg,380.136.496,-1218904874
533,honey-bear-smoothie-tea-and-dessert-hayward,5,1 Southland Mall Dr,Hayward,376.542.332,-1221048419
0,99-tea-house-fremont-2,"4,5",3623 Thornton Ave,Fremont,3.756.295,-122010039999999
1,one-tea-fremont-2,"4,5",46809 Warm Springs Blvd,Fremont,374.890.666.928.572,-121929413750767
3,teco-tea-and-coffee-bar-fremont,"4,5",39030 Paseo Padre Pkwy,Fremont,375.536.945,-121981043
7,happy-lemon-fremont-2,"4,5",46873 Warm Spring Blvd,Fremont,374.884.429.093.476,-121930383669657
44,teatop-milpitas,"4,5",82 Ranch Dr,Milpitas,3.742.644,-121921619999999
45,ten-ren-tea-co-of-milpitas-milpitas,"4,5",1732 N Milpitas Blvd,Milpitas,374.555.854.711.176,-121909984275478
56,i-tea-san-francisco-3,"4,5",253 Kearny St,San Francisco,377.905.719.929.647,-122404304221271
59,steap-tea-bar-san-francisco-3,"4,5",827 Sacramento St,San Francisco,377.932.604.402.304,-122406762465835
61,omg-tea-san-francisco,"4,5",2891 San Bruno Ave,San Francisco,377.254.643,-122402527
70,wondertea-san-francisco-4,"4,5",2250 Irving St,San Francisco,377.634.668.052.021,-122482386571049
71,the-boba-shop-san-francisco-4,"4,5",2071 3rd St,San Francisco,377.635.576.540.922,-122388577088714
74,sweet-a-little-san-francisco-12,"4,5",,San Francisco,3.777.448,-12240916
75,tea-hut-san-francisco-2,"4,5",2815 California St,San Francisco,377.879.050.728.042,-122440761682096
77,tancca-san-francisco-3,"4,5",5015 Geary Blvd,San Francisco,377.804.213,-122473284299999
82,keep-it-san-francisco-6,"4,5",1170 Powell St,San Francisco,377.955.593.172.737,-122409816160798
91,little-heaven-deli-san-francisco,"4,5",2348 Mission St,San Francisco,377.594.799.999.999,-12241943
92,5-sweets-san-francisco,"4,5",1125 Ocean Ave 102,San Francisco,37.723.259,-122454559299999
93,good-earth-cafe-san-francisco-2,"4,5",835 Kearny St,San Francisco,377.957.898.999.999,-122405369999999
120,quickly-oakland-4,"4,5",1243 33rd Ave,Oakland,377.765.099,-1222250587
129,the-burrow-brisbane-4,"4,5",109 Visitacion,Brisbane,376.834.642,-1224028888
130,sweet-belly-oakland,"4,5",435 19th St,Oakland,378.076.094.805.534,-122268880033234
132,alice-street-bakery-café-oakland-2,"4,5",251 10th St,Oakland,377.996.292.114.257,-122268371582031
144,happy-lemon-san-jose-5,"4,5",3005 Silver Creek Rd,San Jose,37.308.647,-121813461
154,katea-san-jose,"4,5",5700 Village Oaks Dr,San Jose,372.525.198.999.999,-1218501
159,happy-lemon-cupertino,"4,5",20488 Stevens Creek Blvd,Cupertino,3.732.258,-12203121
173,sweet-gelato-tea-lounge-san-jose,"4,5",979 Story Rd,San Jose,373.313.361.147.367,-121857381949738
182,heritage-eats-napa,"4,5",3824 Bel Aire Plz,Napa,3.832.387,-12230711
191,palm-thai-bistro-fairfield,"4,5",5089 Business Center Dr,Fairfield,38.215.523,-122143181
196,baotea-cafe-pleasanton-2,"4,5",6654 Koll Center Pkwy,Pleasanton,37.658.818,-121898176
223,new-thai-bistro-pleasanton-2,"4,5",4301 D Valley Ave,Pleasanton,3.767.718,-12187578
244,fusion-mix-frozen-yogurt-fremont-2,"4,5",4144 Walnut Ave,Fremont,375.436.017.856.673,-121984061099299
249,storm-crepes-newark,"4,5",39658 Cedar Blvd,Newark,375.218.169.879.729,-121997366492815
250,sweet-orchid-fremont,"4,5",34460 Fremont Blvd,Fremont,375.751.187.606.321,-122038859706704
255,teaquation-redwood-city,"4,5",1036 El Camino Real,Redwood City,374.839.509.441.577,-122232653501548
257,sweet-spot-castro-valley,"4,5",20669 Santa Maria Ave,Castro Valley,376.960.964.188.897,-122078565023838
266,happy-lemon-cupertino-5,"4,5",10963 N Wolfe Rd,Cupertino,373.362.175.002.018,-122015137771311
270,calibear-cyber-cafe-sunnyvale-6,"4,5",1336 S Mary Ave,Sunnyvale,3.735.065,-122049619999999
273,gong-cha-sunnyvale,"4,5",1641 Hollenbeck Ave,Sunnyvale,3.733.929,-12204255
280,the-tea-zone-and-fruit-bar-mountain-view,"4,5",805 El Camino Real,Mountain View,3.738.565,-12208442
291,sunnywich-cafe-sunnyvale,"4,5",223 East Maude Ave,Sunnyvale,373.878.822.408.982,-122024536281978
302,orange-tea-livermore,"4,5",6033 Northfront Rd,Livermore,377.119.101.458.667,-121723351532745
314,chilly-and-munch-mountain-view,"4,5",2101 Showers Dr,Mountain View,374.068.109.566.105,-122106984711639
319,teaspoon-palo-alto-7,"4,5",2675 Middlefield Rd,Palo Alto,374.340.849.999.999,-122129446
324,poke-xpress-milpitas,"4,5",1236 S Abel St,Milpitas,374.128.099.773.883,-121902977563441
335,happiness-cafe-san-jose,"4,5",1688 Hostetter Rd,San Jose,373.863.881.481.701,-121884803238097
342,honeyberry-san-jose-9,"4,5",3655 N 1st St,San Jose,374.093.138.578.249,-121945219193046
347,davidstea-palo-alto-2,"4,5",318 University Ave,Palo Alto,374.461.057,-1221610267
351,chantal-guillon-macarons-and-teas-palo-alto-2,"4,5",444 University Ave,Palo Alto,3.744.752,-12215965
382,world-wrapps-2-0-santa-clara,"4,5",3125 Mission College Blvd,Santa Clara,3.738.919,-121983389999999
386,tiger-tea-and-juice-burlingame-3,"4,5",1803 El Camino Real,Burlingame,37.594.114,-122384605
387,aqua-club-dessert-and-beverage-san-bruno,"4,5",440 San Mateo Ave,San Bruno,37.622.566,-122410941999999
412,snacks-san-mateo-2,"4,5",31 N B St,San Mateo,375.683.427.999.999,-1223254578
414,mints-and-honey-san-carlos,"4,5",1524 El Camino Real,San Carlos,3.749.613,-1222477
415,bambu-millbrae-2,"4,5",203 El Camino Real,Millbrae,376.003.797,-1223900105
417,kingkat-bar-and-eatery-san-mateo-2,"4,5",33 W 25th Ave,San Mateo,3.754.368,-12230661
419,antoines-cookie-shop-san-mateo-3,"4,5",220 2nd Ave,San Mateo,375.659.547.999.999,-1223233725
428,jougert-bar-burlingame,"4,5",1115 Burlingame Ave,Burlingame,375.793.126,-122345740099999
432,quickly-millbrae-4,"4,5",325 El Camino Real,Millbrae,3.760.147,-12239148
442,teazentea-brentwood-3,"4,5",1135 2nd St,Brentwood,379.369.147.127.279,-121698112115264
446,okashi-fusion-vacaville,"4,5",1679 E Monte Vista Ave,Vacaville,383.703.303.337.097,-121959481313825
461,quickly-brentwood-brentwood,"4,5",2415 Empire Ave,Brentwood,379.603.143.999.999,-1217326581
464,easel-davis-2,"4,5",620 W Covell Blvd,Davis,385.603.285.349.925,-121757062978432
468,skyview-noodle-and-tea-pittsburg-3,"4,5",200 E 3rd St,Pittsburg,380.329.401.103.612,-121882134117186
471,rrags-caffe-benicia,"4,5",1383 E 2nd St,Benicia,380.543.339.252.472,-122152609080076
474,going-green-martinez,"4,5",1160 Arnold Dr,Martinez,379.934.616,-1221024094
485,i-tea-moraga-3,"4,5",1460 Moraga Rd,Moraga,378.353.491,-1221264706
492,cornology-walnut-creek-3,"4,5",1349 Locust St,Walnut Creek,378.981,-12206206
496,blue-saigon-pittsburg,"4,5",2243 Railroad Ave,Pittsburg,380.134.741,-1218905534
502,aung-maylika-benicia-4,"4,5",836 Southampton Rd,Benicia,38.066.112.359.505,-122165491386026
503,izzyas-frozen-custard-lafayette-2,"4,5",,Lafayette,3.789.301,-12212063
507,tangelo-frozen-yogurt-moraga,"4,5",384 Park St,Moraga,378.600.274.754.793,-122125603221525
524,aloha-pure-water-shaved-ice-san-pablo,"4,5",2300 El Portal Dr,San Pablo,37.966.045,-122343246
525,world-wrapps-corte-madera-7,"4,5",208 Corte Madera Town Ctr,Corte Madera,379.283.378.273.249,-122518047988414
532,sivans-cafe-hayward,"4,5",766 A St,Hayward,3.767.244,-12208685
542,saratoga-bagels-saratoga,"4,5",12840 Saratoga Sunnyvale Rd,Saratoga,37.282.037.944.475,-12203191663334
544,steepers-campbell,"4,5",346 E Campbell Ave,Campbell,3.728.691,-12194397
550,menchies-frozen-yogurt-vallejo,"4,5",972 Admiral Callaghan Ln,Vallejo,38.133.641,-122222463999999
551,starbread-bakery-vallejo,"4,5",3718 Sonoma Blvd,Vallejo,381.253.132.837.656,-122254159189761
558,pho-saigon-village-noodle-house-vallejo,"4,5",3636 Sonoma Blvd,Vallejo,381.238.496.636.738,-122253961014274
569,eat-on-monday-mountain-view-3,"4,5",,Mountain View,373.931.694.030.762,-122085517883301
581,milk-and-cookie-bar-castro-valley-3,"4,5",18911 Lake Chabot Rd,Castro Valley,3.770.864,-122091339999999
590,banh-mi-ba-le-oakland,"4,5",1909 International Blvd,Oakland,3.778.606,-12224101
591,pokeatery-castro-valley,"4,5",18911 Lake Chabot Rd,Castro Valley,3.770.864,-122091339999999
593,worlds-fare-donuts-hayward,"4,5",20770 Hesperian Blvd,Hayward,376.651.882.648.286,-122116480568499
2,royaltea-usa-fremont,4,38509 Fremont Blvd,Fremont,375.513.151.288.032,-121993849799037
4,t-lab-fremont-3,4,34133 Fremont Blvd,Fremont,37.576.149,-1220437049
5,q-tea-monster-newark,4,39181 Cedar Blvd,Newark,375.229.604.101.756,-122005785632481
6,gong-cha-fremont,4,46827 Warm Springs Blvd,Fremont,374.885.682.635.695,-121929191268869
11,tea-island-fremont-2,4,46196 Warm Springs Blvd,Fremont,374.935.414.360.442,-121929889351584
14,i-tea-newark,4,34925 Newark Blvd,Newark,375.506.935.787.169,-122051467484131
15,sharetea-fremont-2,4,3948 Washington Blvd,Fremont,3.753.195,-121957889999999
17,mandro-teahouse-newark-3,4,34956 Newark Blvd,Newark,375.515.049.151.237,-122050272187505
18,gong-cha-newark,4,39730 Cedar Blvd,Newark,375.208,-121996426
27,tea-era-mountain-view-2,4,271 Castro St,Mountain View,373.929.561,-1220792811
28,teaspoon-los-altos,4,4546 El Camino Real,Los Altos,37.401.254.171.244,-122114469291963
30,my-delights-fremont,4,43486 Ellsworth St,Fremont,375.304.985.046.387,-121920637562871
32,sno-crave-teahouse-union-city,4,1788 Decoto Rd,Union City,375.889.987,-1220208657
34,tastea-san-jose-2,4,1160 N Capitol Ave,San Jose,373.878,-121860189999999
35,i-tea-castro-valley,4,20666 Redwood Rd,Castro Valley,376.959.109.999.999,-122072915
37,tea-villa-milpitas,4,1679 N Milpitas Blvd,Milpitas,374.547.351.745.994,-121911571876168
39,pop-tea-bar-palo-alto-2,4,456 Cambridge Ave,Palo Alto,3.742.655,-122146319999999
40,i-tea-milpitas,4,760 E Calaveras Blvd,Milpitas,3.743.274,-12189277
42,sweet-coco-fremont-3,4,46164 Warm Springs Blvd,Fremont,3.749.369,-12193053
46,fantasia-coffee-and-tea-milpitas-2,4,528 Barber Ln,Milpitas,374.208.151.690.146,-121916592059011
48,gong-cha-palo-alto,4,439 Waverley St,Palo Alto,37.447.628,-122160728
49,sharetea-san-leandro-3,4,699 Lewelling Blvd,San Leandro,37.687.487.183.018,-122136023640633
50,boba-guys-san-francisco-6,4,429 Stockton St,San Francisco,377.899.434.017.563,-122407306303981
51,boba-guys-san-francisco-4,4,3491 19th St,San Francisco,3.775.994,-12242112
52,wonderful-dessert-and-cafe-san-francisco-2,4,2035 Irving St,San Francisco,377.633.252.984.489,-122479877762901
53,little-sweet-san-francisco-10,4,3836 Geary Blvd,San Francisco,37.781.425,-1224608022
54,teaspoon-san-francisco,4,2125 Polk St,San Francisco,377.963.159.707.234,-122421975955366
55,boba-guys-san-francisco-10,4,1522 Fillmore St,San Francisco,3.778.365,-12243247
57,boba-guys-san-francisco-7,4,8 Octavia St,San Francisco,377.728.849.972.724,-122423546388745
62,asha-tea-house-san-francisco,4,17 Kearny St,San Francisco,377.881.894.888.854,-12240366820246
63,super-cue-cafe-san-francisco,4,1139 Taraval St,San Francisco,377.429.212,-1224782898
64,boba-guys-san-francisco-15,4,1002 16th St,San Francisco,377.665.676.429.306,-122397055947925
66,steep-san-francisco-2,4,240 Ritch St,San Francisco,377.803.345.695.326,-122395782692426
67,mr-t-cafe-san-francisco,4,4689 Mission St,San Francisco,3.772.322,-12243556
69,tj-cups-san-francisco-5,4,2437 Noriega St,San Francisco,3.775.339,-12248993
72,steep-creamery-and-tea-san-francisco,4,270 Brannan St,San Francisco,377.825.348.173.521,-122391180229883
86,homeplate-boba-san-francisco,4,131-155 King St,San Francisco,377.787.070.106.077,-122390157462239
97,fifty-fifty-coffee-and-tea-san-francisco,4,3157 Geary Blvd,San Francisco,377.814.292.999.999,-1224529495
99,bambu-san-francisco-3,4,6050 Geary Blvd,San Francisco,377.804,-12248458
100,i-tea-oakland,4,388 9th St,Oakland,378.006.135.940.992,-122270676903426
102,t-and-bowl-oakland,4,901 Franklin St,Oakland,378.004.753.999.999,-1222722423
103,u-cha-berkeley,4,2199 Bancroft Way,Berkeley,378.678.697.054.593,-122266082279384
104,the-sweet-booth-oakland,4,388 9th St,Oakland,378.004.455.566.406,-122271835327148
105,asha-tea-house-berkeley,4,2086 University Ave,Berkeley,378.719.582,-122268859
106,i-tea-alameda,4,1626 Park St,Alameda,377.673.552.038.867,-122240029983222
108,wing-man-oakland-3,4,5295 College Ave,Oakland,3.783.818,-12225168
109,sharetea-berkeley,4,2440 Bancroft Way,Berkeley,378.684.064,-122260511299999
110,happy-lemon-berkeley-berkeley,4,2106 Shattuck Ave,Berkeley,3.787.087,-12226857
111,milk-tea-lab-pleasant-hill,4,1972 Contra Costa Blvd,Pleasant Hill,379.485.708.483.184,-122058178750759
112,boba-ninja-berkeley,4,2519B Durant Ave,Berkeley,3.786.821,-12225803
116,i-tea-walnut-creek-3,4,1245 N Broadway,Walnut Creek,378.981.318.936.801,-122059291005135
118,gelato-firenze-and-qtea-bar-oakland,4,478 Lake Park Ave,Oakland,3.781.106,-12224718
119,tea-delight-alameda-2,4,650 Central Ave,Alameda,37.770.820.099.746,-122277515907933
121,i-tea-san-leandro-2,4,177 Pelton Ctr Way,San Leandro,3.772.272,-122154389999999
123,tea-press-berkeley-2,4,2552 Bancroft Way,Berkeley,3.786.864,-122257789999999
124,taiwan-bento-oakland-4,4,412 22nd St,Oakland,3.781.097,-12226651
135,bubble-tea-share-time-berkeley,4,1938 Shattuck Ave,Berkeley,378.731.630.455.033,-122268577069044
137,pekoe-san-jose,4,3276 S White Rd,San Jose,373.145.584.994.998,-121790188997984
138,tea-lyfe-drinks-san-jose-3,4,989 Story Rd,San Jose,373.323.443.189.417,-121857742217231
139,teahee-san-jose,4,979 Story Rd,San Jose,373.311.487.640.944,-12185737667523
140,boba-pub-san-jose,4,1576 Branham Ln,San Jose,3.725.336,-1219015
141,teaspoon-san-jose-2,4,4328 Moorpark Ave,San Jose,373.157.651,-1219782757
142,passion-t-snacks-and-desserts-san-jose,4,2266 Senter Rd,San Jose,373.105.198.999.999,-12184997
143,pop-up-tea-coffee-and-snacks-san-jose,4,185 Branham Ln,San Jose,37.267.032.623.291,-121834053039551
146,sinceretea-san-jose-2,4,392 E Taylor St,San Jose,373.529.398.999.999,-12189176
148,soyful-desserts-san-jose-2,4,999 Story Rd,San Jose,373.319.875.706.985,-121856774212303
149,one-tea-san-jose-4,4,231 E Santa Clara St,San Jose,37.338.629.553.452,-121885706819594
150,i-tea-san-jose,4,2936 Aborn Square Rd,San Jose,373.122.516.785.924,-121809769305956
152,createave-cafe-san-jose-4,4,1698 Hostetter Rd,San Jose,373.869.800.203.948,-121883576139808
153,tleaf-teapresso-san-jose-3,4,860 Blossom Hill Rd,San Jose,372.486.885.993.529,-121857970789389
155,teatop-san-jose-2,4,6158 Bollinger Rd,San Jose,373.086.570.138.301,-122012592169713
156,bubbly-san-jose-4,4,1816 Tully Rd,San Jose,3.732.229,-12182405
157,vampire-penguin-featuring-jastea-san-jose,4,2671 Cropley Ave,San Jose,374.041.770.427.227,-121881933087311
158,simply-boba-san-jose,4,3005 Silver Creek Rd,San Jose,373.088.546.673.824,-121813202547221
161,shincha-tea-san-jose-3,4,2487 Alvin Ave,San Jose,373.191.772.792.232,-121827041554832
162,sharetea-santa-clara-3,4,1171 Homestead Rd,Santa Clara,373.486.599.999.999,-12194616
163,chatime-san-jose-san-jose-3,4,311 N Capitol Ave,San Jose,373.697.020.772.431,-121845367355225
165,t-spot-boba-drinks-and-snacks-san-jose,4,2520 Berryessa Rd,San Jose,373.879.799,-1218588819
166,meow-tea-san-jose,4,2857 Senter Rd,San Jose,3.729.956,-12184016
170,bfresh-snacks-and-drinks-san-jose,4,3005 Silver Creek Rd,San Jose,373.086.471.557.617,-121813461303711
171,beibay-tea-san-jose,4,1180 Blossom Hill Rd,San Jose,372.497.081.431.029,-121879286774857
176,soyful-desserts-san-jose-8,4,3005 Silver Creek Rd,San Jose,373.090.745.900.201,-121814426575475
177,oooh-san-jose-4,4,1783 E Capitol Expwy,San Jose,37.309.508,-121809918
178,the-tea-zone-lounge-san-jose,4,403 N Capitol Ave,San Jose,373.720.189.850.199,-121846125258572
180,tapioca-express-san-jose-8,4,81 Curtner Ave,San Jose,373.030.374.782.512,-121864601250072
184,morimoto-napa-napa,4,610 Main St,Napa,3.829.671,-12228328
190,sushi-grill-vallejo,4,5184 Sonoma Blvd,Vallejo,381.480.882.615.897,-122252996214118
195,westea-pleasanton,4,4233 Rosewood Dr,Pleasanton,376.983.805.506.637,-121874124370515
197,i-tea-dublin-dublin,4,4064 Grafton St,Dublin,377.031.989.556.317,-121865862095172
199,i-tea-pleasanton,4,915 Main St,Pleasanton,376.659.098.999.999,-12187418
201,tea-factory-dublin-2,4,8945 San Ramon Rd,Dublin,377.222.341,-1219419009
202,icicles-pleasanton,4,600 Main St,Pleasanton,37.661.346,-12187506
203,sharetea-dublin-3,4,7375 Amador Valley Blvd,Dublin,377.103.898.999.999,-121927439999999
208,360-crepes-pleasanton-3,4,3120 Santa Rita Rd,Pleasanton,376.905.054,-1218774678
210,i-tea-san-ramon-3,4,21001 San Ramon Valley Blvd,San Ramon,377.241,-12194435
213,cafe-taiwan-pleasanton-9,4,3550 Stanley Blvd,Pleasanton,37.669.658,-121858772
214,cafe-junction-pleasanton-3,4,5321 Hopyard Rd,Pleasanton,376.994,-1219048344
215,o-honey-dublin,4,3862 Fallon Rd,Dublin,377.049.564.521.021,-121851537924141
216,the-mix-creamery-dublin-2,4,6601 Dublin Blvd,Dublin,377.043.802.396.398,-121911554932594
217,tasty-pot-dublin,4,4288 Dublin Blvd,Dublin,37.704.566,-12187545
220,menchies-frozen-yogurt-dublin,4,3742 Fallon Rd,Dublin,377.037.210.589.332,-121851480491459
221,blossom-bee-dublin,4,7335 Village Pkwy,Dublin,37.710.858.467.095,-121926419734955
225,kee-wah-bakery-dublin,4,4288 Dublin Blvd,Dublin,377.045.783.996.582,-121875808715819
226,blush-organic-frozen-yogurt-dublin,4,4640 Tassajara Rd,Dublin,377.080.099.999.999,-1218731
230,yogurtland-dublin,4,6851 Amador Plz Rd,Dublin,3.770.584,-121927089999999
233,pho-99-dublin-5,4,7459 Amador Valley Blvd,Dublin,37.710.269,-12192861
234,tandoori-pizza-dublin,4,4060 Grafton St,Dublin,377.031.417.208.061,-121866024709375
236,amakara-dublin,4,7222 Regional St,Dublin,377.050.599.999.999,-121934869999999
241,tasty-pot-newark,4,34909 Newark Blvd,Newark,375.508,-1220509
242,icicles-newark,4,39055 Cedar Blvd,Newark,3.752.314,-12200792
245,crepe-bar-newark,4,2078 Newpark Mall,Newark,375.282.307.999.999,-122000245799999
251,jenjons-cafe-union-city,4,1704 Decoto Rd,Union City,37.589.058.513.675,-12201876368886
252,k-pop-cafe-fremont,4,35041 Fremont Blvd,Fremont,37.570.362,-1220318791
254,boba-guys-san-carlos-2,4,872 Laurel St,San Carlos,375.027.402.543.983,-122256980158539
259,sharetea-palo-alto-2,4,540 Bryant St,Palo Alto,37.445.381,-122160993999999
260,chatime-redwood-city-2,4,2202 Broadway St,Redwood City,37.487.118,-122229624
261,eko-coffee-bar-and-tea-house-hayward,4,1075 B St,Hayward,376.737.070.083.617,-122081397101283
262,tea-era-cupertino,4,20916 Homestead Rd,Cupertino,373.371.504.153.713,-122040352492869
263,fantasia-coffee-and-tea-cupertino,4,10933 N Wolfe Rd,Cupertino,373.361.159.244.324,-122015890307528
267,ten-ren-tea-cupertino,4,10881 N Wolfe Rd,Cupertino,373.356.484.303.065,-122014956682871
275,t4-cupertino-cupertino,4,19505 Stevens Creek Blvd,Cupertino,3.732.328,-12201283
276,sharetea-sunnyvale-3,4,568 El Camino Real,Sunnyvale,373.623.572.836.214,-122027256087022
279,bubble-tea-time-saratoga,4,18564 Prospect Rd,Saratoga,3.729.165,-12199636
281,teaspoon-santa-clara-7,4,3450 El Camino Real,Santa Clara,373.519.877.135.188,-121991230201809
282,beastea-santa-clara,4,2785 El Camino Real,Santa Clara,3.735.297,-12197705
284,tea-annie-mountain-view,4,1712 Miramonte Ave,Mountain View,373.723,-12208801
288,matcha-love-san-jose-6,4,675 Saratoga Ave,San Jose,3.731.496.320.599,-121978095221495
290,icicles-cupertino,4,19622 Stevens Creek Blvd,Cupertino,373.225.177.360.044,-122017925500033
298,butterfly-santa-clara,4,1000 Lafayette St,Santa Clara,373.503.116,-1219438457
300,california-mochi-santa-clara-4,4,3030 El Camino Real,Santa Clara,373.517.723.083.496,-12198119354248
301,t4-livermore-livermore-2,4,4010 E Ave,Livermore,3.768.077,-121748039999999
303,big-fat-straw-cafe-livermore-2,4,980 Murrieta Blvd,Livermore,376.761.474.995.967,-121785110675949
304,donut-wheel-livermore,4,2017 1st St,Livermore,376.807.479.858.397,-121770835876465
306,saigon-cafe-livermore,4,2011 2nd St,Livermore,3768,-12177058
308,menchies-frozen-yogurt-livermore,4,973 E Stanley Blvd,Livermore,376.783.516,-121784120699999
309,la-farfalla-bakery-fremont,4,39947 Mission Blvd,Fremont,375.566.932.750.951,-121952448293212
310,ice3-creamery-fremont,4,39957 Mission Blvd,Fremont,37.556.529,-121952556
311,yogurt-shop-danville,4,3450 Camino Tassajara Rd,Danville,377.986.554,-121918740599999
312,bean-scene-cafe-fremont-2,4,4000 Bay St,Fremont,375.327.289.999.999,-12195934
313,yogurtland-san-ramon,4,152 Sunset Dr,San Ramon,377.624.177.187.681,-121960900202394
320,teaspoon-milpitas,4,201 W Calaveras Blvd,Milpitas,3.742.868,-121911319999999
323,bcute-tea-drinks-and-finger-foods-milpitas-2,4,200 Serra Way,Milpitas,374.264.901.499.098,-121909996320473
325,happy-lemon-milpitas-6,4,279 W Calaveras Blvd,Milpitas,374.274.706.596.526,-12191078242325
326,yummi-tea-cafe-san-jose-3,4,2191 Morrill Ave,San Jose,37.414.925,-121875899
332,the-pennywort-san-jose-5,4,2056 N Capitol Ave,San Jose,3.740.685,-12188672
333,bambu-san-jose-9,4,1688 Hostetter Rd,San Jose,373.862.088.776.267,-121884416049074
340,shihlin-taiwan-street-snacks-milpitas,4,522 Barber Ln,Milpitas,37.420.773,-121916405
343,aroma-coffee-and-snacks-milpitas,4,1535 Landess Ave,Milpitas,374.168.459.526.991,-121876774057745
344,teatime-redwood-city,4,1003 El Camino Real,Redwood City,374.846.042.071.457,-122232427139501
345,comebuy-drinks-redwood-city,4,2074 Broadway,Redwood City,374.868,-12222766
346,teaspoon-redwood-city,4,2361 Broadway St,Redwood City,374.861.601.263.273,-122230740152299
349,bare-bowls-palo-alto,4,530 Emerson St,Palo Alto,3.744.413,-12216237
354,fraiche-palo-alto-2,4,200 Hamilton Ave,Palo Alto,374.438.754.674.247,-122161595821381
358,ohana-express-redwood-city-2,4,640 Woodside Rd,Redwood City,3.746.868,-122223999999999
359,yogurtland-palo-alto,4,494 University Ave,Palo Alto,374.480.657,-122159221
367,froyola-redwood-city,4,2206 Broadway St,Redwood City,374.867.482.944.358,-122229360103705
373,green-leaf-asian-bistro-and-cafe-redwood-city-2,4,865 Middlefield Rd,Redwood City,374.857.502.210.641,-122228834925786
376,cocohodo-sunnyvale-2,4,1082 E El Camino Real,Sunnyvale,373.517.264.451.999,-122002505609904
388,bobabia-san-mateo,4,271 - 273 Baldwin Ave,San Mateo,375.671.987.999.999,-1223253964
389,happy-lemon-burlingame-4,4,1419 Burlingame Ave,Burlingame,375.773.026,-1223486125
390,eggettes-south-san-francisco,4,639 El Camino Real,South San Francisco,376.492.265,-122430214299999
391,tpumps-burlingame,4,1118 Burlingame Ave,Burlingame,375.794.379.623.736,-122345903012389
392,teaspoon-san-mateo,4,128 E 3rd Ave,San Mateo,37.564.318,-122323843099999
393,cha-express-san-mateo,4,212 E 3rd Ave,San Mateo,375.649.712.999.999,-1223228903
394,search-tea-millbrae-5,4,105 Park Blvd,Millbrae,3.761.218,-122404
395,tea-world-pacifica,4,90 Eureka Sq,Pacifica,376.337.492,-1224887216
399,eggettes-millbrae-2,4,979 Broadway,Millbrae,376.048.409.390.981,-122397278312931
403,bambu-san-mateo-2,4,153 South B St,San Mateo,375.665.365,-1223232678
404,eggettes-san-mateo,4,47 S B St,San Mateo,375.674.099.999.999,-122324069999999
406,tpumps-foster-city,4,985 E Hillsdale Blvd,Foster City,375.573.531.403.401,-122274742340384
407,creme-brewlee-san-mateo-2,4,2948 S Norfolk St,San Mateo,375.448.989.862.154,-12228502356257
411,ya-ua-yogurt-and-boba-tea-belmont-2,4,1090 Alameda De Las Pulgas,Belmont,375.102.232,-122293820799999
416,icicles-san-mateo,4,222 E 3rd Ave,San Mateo,375.652.198.999.999,-1223225
421,moo-moo-yogurt-foster-city,4,969F Edgewater Blvd,Foster City,375.441.112.400.917,-122270671007271
422,clear-optometry-san-mateo,4,138 E 3rd Ave,San Mateo,375.643,-12232361
424,cream-san-mateo,4,134 S B St,San Mateo,375.665.107.999.999,-1223237287
425,poke-island-creasian-kitchen-san-mateo,4,43 S B St,San Mateo,375.674.055,-122324276099999
429,mini-coffee-san-mateo-2,4,800 S B St,San Mateo,3.756.167,-12231891
431,ramen-dojo-san-mateo,4,805 S B St,San Mateo,375.621.429,-1223185051
435,peace-love-and-boba-vacaville,4,3083 Alamo Dr,Vacaville,383.353.873.467.452,-121954629868269
436,halo-halo-bar-and-boba-station-suisun-city,4,303 Lawler Ctr Dr,Suisun City,3.824.225,-12201803
438,tutti-frutti-fairfield-2,4,3334 N Texas St,Fairfield,382.890.102.925.701,-122033686637877
439,sharetea-concord-3,4,1850 Mount Diablo St,Concord,379.761.596.024.036,-122033636346459
440,i-tea-pittsburg,4,2121 Loveridge Rd,Pittsburg,380.108.707.398.176,-121868887022138
444,mandro-teahouse-davis,4,1260 Lake Blvd,Davis,385.541.889,-1217869827
447,cafe-tapioca-hercules,4,1581 Sycamore Ave,Hercules,3.800.996,-122270604
448,pho-saigon-no-1-vietnamese-restaurant-fairfield-2,4,1972 N Texas St,Fairfield,3.826.504,-122033139999999
449,ontap-davis,4,825 Russell Blvd,Davis,385.465.253.999.999,-1217607466
450,t4-antioch-12,4,4532 Lone Tree Way,Antioch,379.659.262.678.636,-121780671279596
454,t4-san-pablo-3,4,13350 San Pablo Ave,San Pablo,37.954.766.898.894,-122334166861144
462,t4-davis-3,4,132 E St,Davis,385.430.607.163.953,-121740498058498
463,bangkok-paradise-fairfield,4,3344 N Texas St,Fairfield,3.829.174,-12203293
466,the-old-teahouse-davis-3,4,825 Russell Blvd,Davis,385.465.253.999.999,-1217607466
472,yumygurt-pinole,4,2701 Pinole Valley Rd,Pinole,379.952.735.900.879,-122285331726074
477,ice-monster-walnut-creek,4,2230 Oak Grove Rd,Walnut Creek,379.297.795.146.704,-122016731053591
481,cool-tea-bar-danville-4,4,251 Hartz Ave,Danville,378.227.538.431.367,-122001181084905
486,panache-caffe-lafayette,4,3653 Mt Diablo Blvd,Lafayette,378.906.068,-122127733299999
487,coco-swirl-pleasant-hill,4,35 Crescent Dr,Pleasant Hill,3.794.665,-122061619999999
489,hello-pho-concord,4,1701 Monument Blvd,Concord,3.795.516,-12204158
490,harvest-house-concord,4,2395 Monument Blvd,Concord,379.603.599.999.999,-12203578
500,pho-huynh-hiep-6-kevins-noodle-house-walnut-creek,4,2034 N Main St,Walnut Creek,379.079.856.872.558,-122064300537108
504,yogurtland-pleasant-hill,4,2390 Monument Blvd,Pleasant Hill,379.448.334.310.086,-122056119731669
506,tutti-frutti-montclair-oakland,4,2066 Mountain Blvd,Oakland,378.261.642,-122209205599999
509,lv-vietnamese-pho-and-sandwiches-vallejo,4,2621 Springs Rd,Vallejo,381.054.840.087.891,-122207710266113
510,korea-house-concord,4,1835 Willow Pass Rd,Concord,3.797.514,-122038739999999
512,lulus-kitchen-concord,4,1657 Willow Pass Rd,Concord,379.728.762.316.744,-122043781183031
516,viet-nam-noodle-house-antioch-4,4,3676 Delta Fair Blvd,Antioch,380.040.780.947.741,-121844287128215
519,ten-ren-tea-co-richmond,4,3288 Pierce St,Richmond,378.987.543.089.592,-122307458450512
534,sharetea-san-ramon,4,2441 San Ramon Valley Blvd,San Ramon,377.747.421.264.647,-121977684020996
537,8-twelve-oriental-market-san-leandro,4,596 E 14th St,San Leandro,377.310.477,-1221605656
538,polaris-ice-cream-rolls-hayward,4,595 Southland Mall,Hayward,37.652.548.372.651,-122106453901274
541,creative-sips-san-jose,4,,San Jose,373.136.978.149.414,-121946624755858
552,pho-1-vallejo,4,3885 Sonoma Blvd,Vallejo,381.266.670.227.051,-122256126403808
561,tacos-jalisco-vallejo,4,3420 Sonoma Blvd,Vallejo,381.211.891.174.316,-122254600524902
562,menchies-frozen-yogurt-belmont-2,4,1200 El Camino Real,Belmont,375.189.045,-1222744648
563,fashion-wok-foster-city,4,929 A Edgewater Blvd,Foster City,375.452.836.454.887,-12227046500734
579,cafe-sorriso-san-leandro,4,1501 Washington Ave,San Leandro,377.228,-122155194
582,sweet-dee-cupcakes-and-snow-ice-san-leandro,4,109 Pelton Ctr Way,San Leandro,377.229.449.751.301,-122153543170361
594,taqueria-los-pericos-san-leandro,4,1389 E 14th St,San Leandro,3.772.437,-122155085
597,r-and-d-cafe-san-lorenzo,4,15813 Channel St,San Lorenzo,376.770.314.768.334,-122142561774295
598,munch-hayward,4,27560 Tampa Ave,Hayward,37.631.869,-122075384
600,yo-bowl-hayward,4,8 Southland Mall,Hayward,37.651.128,-122101295999999
601,yogurt-hill-hayward-4,4,1081 B St,Hayward,3.767.355,-122081139999999
8,factory-tea-bar-fremont-2,"3,5",46461 Mission Blvd,Fremont,374.922.976.027.806,-121927918713539
9,super-cue-cafe-fremont,"3,5",43743 Boscell Rd,Fremont,375.007.782.876.492,-121973167955875
10,milk-and-honey-cafe-fremont,"3,5",34265 Fremont Blvd,Fremont,37.575.448.103.287,-122042586920966
12,taro-taro-dessert-and-tea-house-fremont,"3,5",6018 Stevenson Blvd,Fremont,375.195.973.820.395,-121989493228847
13,i-tea-fremont-2,"3,5",43421 Christy St,Fremont,37.504.992.442.164,-121971231736243
16,urbain-tea-fremont,"3,5",1590 Washington Blvd,Fremont,375.312.314.119.297,-121937047836775
19,tea-six-fremont-2,"3,5",34460 Fremont Blvd,Fremont,3.757.509,-1220386
21,tea-station-newark,"3,5",39115 Cedar Blvd,Newark,37.523.356,-122006644999999
24,t4-tea-fremont-2,"3,5",43430 Mission Blvd,Fremont,3.753.181,-12191944
25,boba-fitt-drinks-union-city,"3,5",31877 Alvarado Blvd,Union City,375.897.191.178.595,-122071148412966
26,sweet-home-cafe-fremont-2,"3,5",6068 Stevenson Blvd,Fremont,375.180.666.419.642,-121989524069478
29,t4-fremont-8,"3,5",46132 Warm Springs Blvd,Fremont,374.932.967,-121931298099999
33,sharetea-union-city-3,"3,5",34391 Alvarado Niles Rd,Union City,37.587.234,-122022712
36,caface-newark-2,"3,5",6180 Jarvis Ave,Newark,3.754.872,-122049289999999
38,mr-green-bubble-union-city,"3,5",1644 Decoto Rd,Union City,375.895.754.513.833,-122020674874683
41,joy-4-tea-union-city,"3,5",32148 Alvarado Blvd,Union City,375.894.163.879.107,-122067683412499
43,icy-blue-fremont,"3,5",43360 Mission Blvd,Fremont,3.753.259,-12191949
47,tapioca-express-union-city-2,"3,5",1707 Decoto Rd,Union City,37.589.445.484.175,-12202183395763
58,plentea-san-francisco-san-francisco,"3,5",341 Kearny St,San Francisco,377.914.264.423.265,-122404249032891
60,purple-kow-san-francisco-2,"3,5",3620 Balboa St,San Francisco,37.775.906,-122497818
68,tpumps-san-francisco,"3,5",1916 Irving St,San Francisco,377.636.264,-1224785915
73,bubblecup-san-francisco-2,"3,5",1900 Clement St,San Francisco,377.822.781.354.189,-122479696422815
76,i-tea-san-francisco-2,"3,5",2150 Irving St,San Francisco,377.635.307,-1224811325
78,sharetea-san-francisco-3,"3,5",135 4th St,San Francisco,377.844.643.265.332,-122403442928242
79,mi-tea-san-francisco,"3,5",645 Irving St,San Francisco,377.639.596,-122465019
80,bb-tea-station-san-francisco-3,"3,5",1314 Noriega St,San Francisco,377.542.929,-1224779253
81,tea-fm-san-francisco-3,"3,5",1353 Taraval St,San Francisco,377.426.391.197.427,-122480892284656
83,mr-and-mrs-tea-house-san-francisco,"3,5",544 Clement,San Francisco,377.830.442.934.418,-122465241822931
84,e-tea-san-francisco,"3,5",5344 Geary Blvd,San Francisco,377.805.467.694.998,-122476978003979
85,gosu-san-francisco,"3,5",1014 Clement St,San Francisco,377.829,-12247017
87,cuppa-san-francisco,"3,5",2810 Diamond St,San Francisco,3.773.429,-12243417
90,cool-tea-bar-san-francisco-4,"3,5",103 Waverly Pl,San Francisco,37.794.315,-122406927
94,sweethut-san-francisco,"3,5",519 Clement St,San Francisco,377.828.876.674.175,-122464718297124
95,frostea-daly-city-2,"3,5",6178 Mission St,Daly City,3.770.689,-1224588
96,teaone-san-francisco-5,"3,5",5336 Geary Blvd,San Francisco,3.778.076,-12247679
98,honey-creme-and-tea-san-francisco,"3,5",839 Irving St,San Francisco,3.776.384,-12246708
101,mr-green-bubble-oakland,"3,5",4299 Piedmont Ave,Oakland,37.828.969,-122249297
113,sharetea-alameda-4,"3,5",2670 5th St,Alameda,377.867.215,-122281344699999
114,purple-kow-berkeley-2,"3,5",2164 Center St,Berkeley,378.704.335,-122266269299999
115,teaway-alameda,"3,5",2402 Central Ave,Alameda,3.776.394,-12224266
117,sweetheart-cafe-oakland,"3,5",315 9th St,Oakland,377.994.484,-122270096799999
122,50-tea-oakland,"3,5",1004 Webster St,Oakland,378.007.358,-122270182
126,t4-alameda-2,"3,5",1431 A Park St,Alameda,3.776.509,-12224233
127,teazzert-alameda,"3,5",1342 Park St,Alameda,377.635.299.999.999,-122243189999999
134,quickly-oakland-5,"3,5",3306 Lakeshore Ave,Oakland,378.106.217.795.691,-122243926227092
136,shooting-star-cafe-oakland,"3,5",1022 Webster St,Oakland,37.800.992,-1222701305
145,boba-bar-san-jose-3,"3,5",310 S 3rd St,San Jose,37.332.404,-1218845467
151,the-tea-zone-and-fruit-bar-san-jose,"3,5",980 S Winchester Blvd,San Jose,37.309.534,-121949649
164,pure-tea-bar-san-jose,"3,5",6195 Santa Teresa Blvd,San Jose,37.236.431,-121804763
167,fantasia-coffee-and-tea-san-jose-4,"3,5",378 Santana Row,San Jose,37.319.475.621.662,-12194762103391
168,monster-boba-cupertino-3,"3,5",10787 S Blaney Ave,Cupertino,373.112.882.127.292,-122023623995482
169,teasociety-san-jose,"3,5",1658 E Capitol Expy,San Jose,37.306.154.683.674,-121810519318524
172,gong-cha-san-jose-19,"3,5",1701 Lundy Ave,San Jose,3.738.753,-12188725
174,sharetea-san-jose-3,"3,5",1728 Hostetter Rd,San Jose,37.387.508,-121882934
175,gong-cha-san-jose-8,"3,5",1600 Saratoga Ave,San Jose,372.923.420.099.239,-121988744415863
179,the-moo-bar-santa-clara,"3,5",1080 Kiely Blvd,Santa Clara,373.459.400.429.099,-121979151964188
181,purple-kow-san-jose-4,"3,5",2435 S King Rd,San Jose,373.210.352.284.759,-121825406030688
183,yobelle-napa-2,"3,5",1000 Main St,Napa,382.991.692.041.736,-122285283794503
186,crave-cafe-and-catering-american-canyon,"3,5",3419 Broadway St,American Canyon,381.689.755.277.082,-122254305819574
188,top-that-frozen-yogurt-sonoma,"3,5",531 Broadway Ave,Sonoma,382.914.143.800.735,-122458058372139
192,green-bamboo-restaurant-fairfield,"3,5",4437 Central Pl,Fairfield,382.219.398.999.999,-12212513
193,thai-kitchen-american-canyon,"3,5",3425 Broadway St,American Canyon,3.817.015,-12225411
194,sactomofo-sacramento-6,"3,5",,Sacramento,3.867.463,-12150861
198,aroma-tapioca-tea-and-coffee-pleasanton,"3,5",4833 Hopyard Rd,Pleasanton,3.769.288,-12190177
200,t4-dublin,"3,5",3744 Fallon Rd,Dublin,377.038.018.033.117,-121851168151661
204,cafe-tapioca-dublin,"3,5",7160 Regional St,Dublin,37.703.959,-1219342246
205,quickly-pleasanton,"3,5",1 Stoneridge Mall Rd,Pleasanton,376.956.544.405.508,-121929317861795
209,t4-san-ramon-2,"3,5",9140 Alcosta Blvd,San Ramon,3.773.021,-121930089999999
211,snowflake-dublin,"3,5",4288 Dublin Blvd,Dublin,377.048.059.696.965,-121875150612505
219,99-ranch-market-pleasanton,"3,5",4299 Rosewood Dr,Pleasanton,3.769.956,-12187326
227,koi-palace-dublin,"3,5",Ulferts Ctr,Dublin,377.046.367.482.137,-121876026391982
231,lees-sandwiches-dublin-2,"3,5",4101 Dublin Blvd,Dublin,3.770.619,-121873789999999
237,pho-saigon-garden-dublin,"3,5",7265 Regional St,Dublin,377.056.511.022.749,-121933658346534
238,pho-saigon-noodle-house-san-ramon,"3,5",9150 Alcosta Blvd,San Ramon,377.293.891.906.737,-121931442260742
239,85-c-bakery-cafe-newark,"3,5",35201 Newark Blvd,Newark,3.754.772,-1220466
240,blackball-desserts-union-city-union-city,"3,5",34563 Alvarado Niles Rd,Union City,375.866.447.999.999,-1220201868
247,bambu-newark-2,"3,5",6058 Mowry Ave,Newark,375.236.587.144.356,-122007144735602
248,bambu-union-city-2,"3,5",31812-31822 Alvarado Blvd,Union City,375.914.603.130.932,-122071111434568
253,milkcow-fremont-2,"3,5",5657 Auto Mall Pkwy,Fremont,3.750.466,-12197634
256,t4-hayward-3,"3,5",1033 B St,Hayward,376.731.435.370.977,-122082034402975
258,teaster-hayward-2,"3,5",410 W A St,Hayward,376.660.188.062.353,-122108395027727
264,tpumps-cupertino,"3,5",19959 Stevens Creek Blvd,Cupertino,373.232.384.288.673,-122022949657147
265,super-cue-cafe-cupertino,"3,5",19620 Stevens Creek Blvd,Cupertino,373.223.942.970.538,-122016749576721
269,hechaa-cupertino-4,"3,5",10619 S De Anza Blvd,Cupertino,3.731.361,-12203263
272,what8ver-express-cupertino-2,"3,5",10118 Bandley Dr,Cupertino,37.324.498.742.943,-12203407823789
274,cafe-lattea-cupertino,"3,5",19501 Stevens Creek Blvd,Cupertino,37.323.241.317.778,-122012261466162
278,verde-tea-house-cupertino-2,"3,5",10477 S De Anza Blvd,Cupertino,373.162.384.033.203,-122032508850098
283,teaspoon-mountain-view,"3,5",236 Castro St,Mountain View,373.934.799,-12207956
285,verde-tea-cafe-mountain-view,"3,5",852 Villa St,Mountain View,373.941.710.599.454,-122079548804006
286,teafans-sunnyvale,"3,5",927 E Arques Ave,Sunnyvale,373.813.698.999.999,-12200808
287,85-c-bakery-cafe-san-jose-5,"3,5",1183 S De Anza Blvd,San Jose,373.035.809.397.697,-122032403200865
289,bambu-sunnyvale-2,"3,5",189 W Washington Ave,Sunnyvale,373.763.175.470.854,-122031325878136
292,ocha-tea-café-and-restaurant-mountain-view-2,"3,5",1350 Grant Rd,Mountain View,373.770.405.227.974,-122076683293475
293,bubble-bay-tea-santa-clara,"3,5",4300 Great America Pkwy,Santa Clara,373.928.752.137.833,-121977391160277
294,jazen-tea-san-jose-4,"3,5",1089 S De Anza Blvd,San Jose,373.065.638.999.999,-1220328361
295,comebuy-tea-and-coffee-santa-clara,"3,5",2712 Augustine Dr,Santa Clara,373.822.051,-1219761898
296,music-tunnel-ktv-cafe-san-jose-2,"3,5",1132 S De Anza Blvd,San Jose,3.730.529,-122031669999999
297,jazen-tea-santa-clara-3,"3,5",3147 Mission College Blvd,Santa Clara,373.882.893,-121983559599999
307,rice-paper-bistro-livermore,"3,5",1548 N Vasco Rd,Livermore,377.181.756.552.264,-121724808264734
316,t4-palo-alto-2,"3,5",165 University Ave,Palo Alto,3.744.451,-12216337
317,pearl-cafe-mountain-view,"3,5",506A Showers Dr,Mountain View,37.402.982.863.672,-12210676106228
321,teasociety-milpitas,"3,5",55 N Milpitas Blvd,Milpitas,374.341.782,-1219007438
322,t4-milpitas,"3,5",540 Barber Ln,Milpitas,374.207.404.131.486,-12191664888892
327,sno-crave-tea-house-milpitas,"3,5",1777 N Milpitas Blvd,Milpitas,374.558.077.007.532,-121911192834377
328,sancha-bar-milpitas,"3,5",279 Jacklin Rd,Milpitas,374.464.966,-121904016099999
329,chick-and-tea-milpitas-4,"3,5",1723 N Milpitas Blvd,Milpitas,374.551.887.512.207,-121911521911621
330,t4-san-jose,"3,5",1671 N Capitol Ave,San Jose,373.973.731.994.629,-121873687744141
331,queens-cafe-milpitas,"3,5",372 Barber Ln,Milpitas,374.224.649.523.506,-121916673478539
336,85-c-bakery-cafe-milpitas-2,"3,5",672 Barber Ln,Milpitas,37.419.465,-121915568
337,simpletea-milpitas,"3,5",1535 Landess Ave,Milpitas,37.416.848,-1218768983
338,bambu-milpitas-7,"3,5",89 S Park Victoria Dr,Milpitas,37.433.926,-121884259
348,pokélove-palo-alto,"3,5",855 El Camino Real,Palo Alto,37.438.632,-122160532
350,tea-time-palo-alto,"3,5",542 Ramona St,Palo Alto,374.446.105.957.031,-122161544799804
352,happy-donuts-palo-alto,"3,5",3916 El Camino Real,Palo Alto,3.741.643,-12213004
353,quickly-sunnyvale-4,"3,5",415 N Mary Ave,Sunnyvale,37.390.076.192.143,-122042184743589
356,coupa-café-palo-alto-3,"3,5",538 Ramona St,Palo Alto,37.444.682,-122161533
357,cream-palo-alto-3,"3,5",440 University Ave,Palo Alto,37.447.555,-122159804
360,coupa-café-lytton-palo-alto,"3,5",111 Lytton Ave,Palo Alto,374.444.718.383.711,-122165222240072
361,green-bakery-and-café-los-altos-11,"3,5",692 Fremont Ave,Los Altos,373.604.672.926.655,-122096757004484
362,wild-berry-yogurt-menlo-park,"3,5",325 Sharon Park Dr,Menlo Park,3.742.398,-12219693
363,the-posh-bagel-los-altos,"3,5",310 Main St,Los Altos,373.783.798,-122117019699999
364,paris-baguette-palo-alto,"3,5",383 University Ave,Palo Alto,374.471.969.604.492,-122160781860352
366,rojoz-gourmet-wraps-palo-alto-2,"3,5",3906 Middlefield Rd,Palo Alto,3.741.883,-1221099
369,coupa-cafe-green-library-stanford,"3,5",571 Escondido Mall,Stanford,37.426.249.336.151,-12216706752777
370,dohatsuten-palo-alto,"3,5",799 San Antonio Rd,Palo Alto,374.203.109.741.211,-122102348327637
372,nekter-juice-bar-mountain-view,"3,5",685 San Antonio Rd,Mountain View,374.015.598.999.999,-1221132477
374,koma-sushi-restaurant-menlo-park-3,"3,5",211 El Camino Real,Menlo Park,374.483.544,-122174376799999
377,hotpot-first-sunnyvale,"3,5",1149 N Lawrence Expy,Sunnyvale,373.973.885,-1219967194
378,bean-scene-sunnyvale,"3,5",186 S Murphy Ave,Sunnyvale,373.761.833.999.999,-1220301825
379,sharetea-santa-clara-7,"3,5",2855 Stevens Creek Blvd,Santa Clara,373.255.099.999.999,-12194462
381,honeyberry-santa-clara,"3,5",3488 El Camino Real,Santa Clara,373.515.681.496.377,-121992844729458
384,frozos-frozen-yogurt-santa-clara,"3,5",1000 Lafayette St,Santa Clara,373.503.848,-1219437883
385,cool-tea-bar-south-san-francisco-4,"3,5",630 El Camino Real,South San Francisco,376.492.551.499.593,-122429556883872
396,t4-millbrae-10,"3,5",315 Broadway,Millbrae,37.601.183,-122392173
398,boba-dude-half-moon-bay,"3,5",80 Cabrillo Hwy N,Half Moon Bay,374.702.203.984.019,-122435569055378
400,gong-cha-san-mateo-2,"3,5",110 S B St,San Mateo,375.667.191,-1223239517
401,bambu-south-san-francisco,"3,5",2223 Gellert Blvd,South San Francisco,37.649.195,-1224530236
402,super-cue-cafe-san-mateo-2,"3,5",2986 S Norfolk St,San Mateo,375.444.733.117.821,-12228505220123
405,chatime-san-mateo-2,"3,5",165 E 4th Ave,San Mateo,3.756.413,-122322939999999
408,chatime-foster-city,"3,5",969A Edgewater Blvd,Foster City,37.544.739,-122271085
409,quickly-san-mateo,"3,5",142 E 3rd Ave,San Mateo,375.643.615.722.656,-122323524475098
413,dessert-republic-san-mateo,"3,5",138 Main St,San Mateo,375.669.003.999.999,-1223234145
418,quickly-burlingame-2,"3,5",1407 Burlingame Ave,Burlingame,375.771.875.948.767,-12234879302025
427,never-too-latte-san-bruno-2,"3,5",486 San Mateo Ave,San Bruno,376.241,-12241095
433,bobo-drinks-fairfield-2,"3,5",1305 Gateway Blvd,Fairfield,382.640.655.855.632,-122050264324325
441,quickly-vallejo-12,"3,5",145 Plaza Dr,Vallejo,381.340.827.941.895,-12221915435791
451,bobaloca-concord-4,"3,5",1843 Willow Pass Rd,Concord,379.749.903.198.783,-122038871629666
452,teabo-café-davis,"3,5",2191 Cowell Blvd,Davis,385.407.655.197.016,-121724717874066
453,lazi-cow-davis,"3,5",407 G St,Davis,385.465,-12174006
455,t4-concord-concord,"3,5",2151 Salvio St,Concord,379.776.375.471.723,-122034577466548
456,dragon-snow-el-sobrante,"3,5",3550 San Pablo Dam Rd,El Sobrante,3.796.301,-12231987
457,cj-fusion-fairfield,"3,5",201 Travis Blvd,Fairfield,3.825.803,-12203509
458,gong-cha-davis,"3,5",1411 W Covell Blvd,Davis,385.620.003.834.934,-121765583911777
459,suisun-seafood-center-suisun-city,"3,5",303 Lawler Center Dr,Suisun City,3.824.225,-12201803
460,teaone-davis,"3,5",213 E St,Davis,385.436.287,-1217415001
465,sharetea-davis-davis-2,"3,5",207 3rd St,Davis,385.436.861.078.294,-121746784233134
467,pho-lee-hoa-phat-fairfield,"3,5",870 E Travis,Fairfield,382.583.578.295.892,-122020811644487
475,quickly-antioch-2,"3,5",212 E 18th St,Antioch,38.004.497.387.479,-121799923304048
476,pho-lee-hoa-phat-vacaville,"3,5",88 Peabody Rd,Vacaville,383.539.886.474.609,-121978248596191
478,t4-walnut-creek,"3,5",1815 Ygnacio Valley Rd,Walnut Creek,379.174.137,-1220375497
479,chalogy-tea-bar-walnut-creek-4,"3,5",1349 Locust St,Walnut Creek,378.981,-12206206
480,mr-green-bubble-walnut-creek-2,"3,5",1539 Locust St,Walnut Creek,379.000.639.934.234,-122062495370938
484,t4-and-poke-walnut-creek,"3,5",1385C N Main St,Walnut Creek,3.789.883,-12206105
488,surf-city-squeeze-concord,"3,5",282 Sun Valley Mall,Concord,379.672.766,-1220621762
491,i-love-teriyaki-and-sushi-concord-2,"3,5",1950 Salvio St,Concord,379.762.523.253.409,-122037221553584
493,saigon-bistro-concord,"3,5",1701 Willow Pass Rd,Concord,37.974.103,-122041692
494,99-ranch-market-concord-2,"3,5",1795 Willow Pass Rd,Concord,37.974.712,-122039859
495,double-rainbow-cafe-benicia,"3,5",560 1st St,Benicia,3.804.837,-12215871
498,pho-huynh-hiep-5-kevins-noodle-house-concord,"3,5",1833 Willow Pass Rd,Concord,3.797.514,-12203901
499,pho-lee-hoa-phat-pleasant-hill,"3,5",508 Contra Costa Blvd,Pleasant Hill,37.980.899,-122068382
501,smitten-ice-cream-lafayette,"3,5",3545 Mt Diablo Blvd,Lafayette,378.916.207,-1221198696
508,surf-city-squeeze-antioch,"3,5",2556 Somersville Rd,Antioch,380.000.664,-121841951799999
511,yo-sushi-martinez,"3,5",1029 Arnold Dr,Martinez,379.969.242,-1221078972
514,saigon-bistro-restaurant-pittsburg,"3,5",4285 Century Blvd,Pittsburg,380.068.147.913.603,-121841531507671
515,pho-lee-hoa-phat-pittsburg-5,"3,5",140 E Leland Rd,Pittsburg,380.114.778.891.117,-121889719069004
517,little-hearty-noodle-moraga-2,"3,5",578 Center St,Moraga,378.578.085,-1221258359
518,bubble-loca-richmond,"3,5",3288 Pierce St,Richmond,378.988.113,-1223075638
520,tala-coffee-and-tea-el-cerrito-2,"3,5",10734 San Pablo Ave,El Cerrito,379.131.379.268.406,-122309712024741
521,sharetea-san-rafael-3,"3,5",967 Grand Ave,San Rafael,379.717.057.943.344,-122518760114908
522,tpartea-boba-drinks-and-banh-mi-san-rafael-3,"3,5",5800 Northgate Dr,San Rafael,380.039.492.652.398,-1225438844508
523,sunny-day-sweet-house-richmond,"3,5",3288 Pierce St,Richmond,3.789.881,-12230756
527,tay-tah-cafe-albany,"3,5",1182 Solano Ave,Albany,378.902.299.999.999,-12229626
528,sweetheart-cafe-berkeley,"3,5",2523 Durant Ave,Berkeley,378.680.525,-122258168
529,teaone-berkeley-berkeley,"3,5",2380 Telegraph Ave,Berkeley,3.786.727,-12225905
535,t4-castro-valley,"3,5",18911 Lake Chabot Rd,Castro Valley,3.770.864,-122091339999999
539,milkcow-castro-valley,"3,5",3223 Castro Valley Blvd,Castro Valley,3.769.529,-12207956
540,satori-tea-company-saratoga,"3,5",14482 Big Basin Way,Saratoga,372.574.696,-1220335427
543,snowflake-san-jose,"3,5",4306 Moorpark Ave,San Jose,373.155.981.167.824,-121977282188172
545,yodo-yogurt-campbell,"3,5",2475 S Winchester Blvd,Campbell,372.784.787,-1219497792
548,jovie-coffee-and-pho-campbell,"3,5",136 N San Tomas Aquino,Campbell,372.878.194.445.875,-121975211858331
549,tous-les-jours-santa-clara,"3,5",3535 Homestead Rd,Santa Clara,3.733.882,-12199497
555,yo-sushi-vallejo-2,"3,5",114 Robles Way,Vallejo,380.837.651.342.154,-122211666628717
556,midori-japanese-cuisine-vallejo,"3,5",3440 Sonoma Blvd,Vallejo,381.214.397.080.506,-122254726908082
564,pho-new-saigon-foster-city,"3,5",1088 Foster City Blvd,Foster City,375.532.937,-1222565492
565,hongry-kong-belmont-2,"3,5",,Belmont,375.240.325.927.734,-122279075622558
567,cooking-papa-restaurant-foster-city,"3,5",949A Edgewater Blvd,Foster City,375.446.131.174.646,-122270425803511
571,myung-dong-tofu-cabin-san-mateo,"3,5",2968 S Norfolk St,San Mateo,375.447.841.763.127,-122284946071312
573,east-14th-bakery-and-cafe-san-leandro-3,"3,5",1780 E 14th St,San Leandro,377.215.444,-1221509912
574,tapioca-express-san-leandro,"3,5",129 W Joaquin Ave,San Leandro,377.239.999,-12215511
576,sweethoney-dessert-san-leandro-3,"3,5",1423 E 14th St,San Leandro,377.240.845.354.245,-122154812393848
577,hanoi-chicken-noodle-san-leandro,"3,5",13720 Doolittle Dr,San Leandro,3.769.982,-122175639999999
580,d-t-dim-sum-and-tea-san-leandro,"3,5",1970 Lewelling Blvd,San Leandro,376.799.806.952.477,-122154671028255
583,quickly-san-lorenzo,"3,5",17940 Hesperian Blvd,San Lorenzo,376.729.889.960.688,-122122139773525
584,tapioca-express-alameda,"3,5",2306 Encinal Ave,Alameda,3.776.273,-12224497
588,pho-an-hoa-san-leandro,"3,5",14391 Washington Ave,San Leandro,37.702.842,-122142028
589,tuttimelon-alameda,"3,5",2402 Central Ave,Alameda,3.776.394,-12224266
592,hot-spot-alameda,"3,5",2321 Santa Clara Ave,Alameda,37.765.703.473.918,-122242378592491
595,pho-anh-ha-san-leandro,"3,5",2089 E 14th St,San Leandro,3.771.929,-12214865
596,craw-station-san-leandro,"3,5",15040 Farnsworth St,San Leandro,376.906.647.206.597,-122151571007974
599,foodnet-supermarket-san-leandro-2,"3,5",1960 Lewelling Blvd,San Leandro,376.795,-122154789999999
20,tata-teahouse-fremont-2,3,39230 Argonaut Way,Fremont,37.543.782,-121986825
22,sno-crave-tea-house-fremont,3,43773 Boscell Rd,Fremont,37.500.044,-121973621999999
31,t4-fremont-3,3,36400 Fremont Blvd,Fremont,375.631.118.502.019,-122015291475919
107,t4-oakland,3,1068 Webster St,Oakland,378.009.841,-1222700858
125,u-tea-cafe-oakland,3,1728 A Franklin St,Oakland,378.064.126.521.349,-122268292084336
185,napa-noodles-napa,3,1124 1st St,Napa,382.988.340.542.314,-122286458685993
207,tea-breeze-pleasanton,3,4275 Rosewood Dr,Pleasanton,376.994.819.641.112,-121874084472656
222,berry-delight-pleasanton,3,1008 Stoneridge Mall Rd,Pleasanton,376.946.294,-121931562999999
224,tutti-frutti-frozen-yogurt-dublin,3,4930 Dublin Blvd,Dublin,377.040.256.307.881,-12188532839154
229,pho-saigon-city-pleasanton,3,4275 Rosewood Dr,Pleasanton,376.994.626.368.417,-121873857490718
232,osaka-ramen-dublin,3,4288 Dublin Blvd,Dublin,3.770.515,-121876219999999
235,halu-shabu-shabu-dublin,3,4288 Dublin Blvd,Dublin,377.045.669.555.664,-121875450134277
246,q-cup-fremont,3,39129 Fremont Blvd,Fremont,375.461.699.480.404,-121987401525697
268,meet-fresh-cupertino,3,19449 Stevens Creek Blvd,Cupertino,373.243.651,-1220105533
277,tea-chansii-cupertino,3,19449 Stevens Creek Blvd,Cupertino,373.243.989.340.148,-122011138269321
299,quickly-cupertino,3,21265 Stevens Creek Blvd,Cupertino,3.732.349,-122047397
305,t4-san-ramon-3,3,11020 Bollinger Canyon Rd,San Ramon,377.749.533.109.683,-121924073739228
315,jazen-tea-mountain-view-3,3,220 Castro St,Mountain View,373.936.614.990.234,-122079444885254
318,tapioca-express-mountain-view,3,740 Villa St,Mountain View,3.739.379,-122078389999999
334,black-pearl-san-jose-2,3,1055 E Brokaw Rd,San Jose,373.843.159.241.917,-12189744169577
339,fantasia-coffee-and-tea-santa-clara,3,3969 Rivermark Plz,Santa Clara,373.953.035.880.334,-121946540661156
355,quickly-redwood-city,3,300 Walnut St,Redwood City,374.917.931.901.457,-122224192531476
410,fresh-nation-desserts-san-mateo-2,3,30 E 3rd Ave,San Mateo,375.633.809,-1223251999
420,quickly-foster-city-3,3,969k Edgewater Blvd,Foster City,375.447.598.999.999,-122271039999999
423,boiling-point-san-mateo,3,111 E 4th Ave,San Mateo,3.756.386,-12232335
430,sweet-indulgence-millbrae-3,3,298 Broadway,Millbrae,376.007.901,-1223914315
434,t4-tea-for-u-fairfield,3,2700 N Texas St,Fairfield,382.767.099.999.999,-12203353
445,tapioca-express-vallejo,3,3720 Sonoma Blvd,Vallejo,38.125.256.896.019,-122255262583494
469,noodle-house-fairfield-2,3,1305 Gateway Blvd,Fairfield,38.263.944,-122050281
470,sisig-suisun-city-3,3,303 Lawler Center Dr,Suisun City,3.824.225,-12201803
473,vampire-penguin-brentwood-2,3,2545 Sand Creek Rd,Brentwood,37.946.219,-121738762
482,quickly-concord-5,3,4115 Concord Blvd,Concord,3.797.879.750.393,-121992360118227
497,jollibee-concord,3,2030 Diamond Blvd,Concord,3.797.341,-1220557
513,pho-hoa-an-pleasant-hill,3,1617 Contra Costa Blvd,Pleasant Hill,379.544.806.480.407,-122060296833515
526,quickly-el-cerrito,3,3080 El Cerrito Plz,El Cerrito,379.012.082.234.262,-122299600839615
531,quickly-san-rafael,3,1128 4th St,San Rafael,379.733.537,-122528937999999
547,bar-code-santa-clara,3,2855 Stevens Crk Blvd,Santa Clara,373.260.983.428.105,-121945618966269
553,sunshine-bakery-vallejo-3,3,3570 Sonoma Blvd,Vallejo,381.221.466.064.453,-122254501342773
554,original-red-onion-vallejo-2,3,1321 Springs Rd,Vallejo,3.810.589,-122227089999999
557,pho-lee-hoa-phat-vallejo-2,3,102 Springstowne Ctr,Vallejo,3.810.499,-122215319999999
559,pho-lee-hoa-phat-2-vallejo-3,3,3495 Sonoma Blvd,Vallejo,381.224.127.025.498,-122258621526624
560,chowking-vallejo,3,3495 Sonoma Blvd,Vallejo,38.121.818,-1222554405
566,marina-food-san-mateo,3,2992 S Norfolk St,San Mateo,375.444.118.546.376,-122284796650842
568,sheng-kee-bakery-san-mateo-2,3,2964 S Norfolk St,San Mateo,375.452.652,-122284477099999
570,pho-little-saigon-san-mateo,3,2978 S Norfolk St,San Mateo,375.445.885.811.679,-122284968805751
572,bagel-street-cafe-redwood-city,3,254 Redwood Shores Pkwy,Redwood City,375.224.668.331.409,-122251625135719
586,quickly-castro-valley,3,20893 Redwood Rd,Castro Valley,376.947.791.129.351,-122073979452252
602,alohana-hawaiian-grill-san-leandro,3,15555 E 14th St,San Leandro,377.001.159.999.999,-122126858
131,sancha-bar-oakland-3,"2,5",251 9th St,Oakland,377.989.615.787.538,-122268823823837
187,quickly-american-canyon-3,"2,5",410 Napa Junction Rd,American Canyon,381.848.877.668.381,-122253697514533
189,over-the-top-shop-frozen-yogurt-american-canyon,"2,5",5075 Main St,American Canyon,3.818.098,-12225395
206,letea-pleasanton-2,"2,5",4299 Rosewood Dr,Pleasanton,3.769.956,-12187326
212,quickly-dublin,"2,5",4288 Dublin Blvd,Dublin,37.705.825,-121876084
228,berry-and-berry-yogurt-livermore,"2,5",2774 Livermore Outlets Dr,Livermore,37.698.050.737.381,-121842248663306
341,quickly-milpitas-2,"2,5",1350 S Park Victoria Dr,Milpitas,374.178.751.788.897,-121874392975463
375,the-axe-and-palm-stanford,"2,5",Old Union Stanford University,Stanford,37.425.371.754.743,-122170543670654
380,jazen-tea-santa-clara-santa-clara,"2,5",3484 El Camino Real,Santa Clara,373.515.863.912.687,-12199270148474
383,youji-fresh-rolls-wine-and-tea-santa-clara,"2,5",2855 Stevens Creek Blvd,Santa Clara,37.326.036.489.104,-121944165208983
437,quickly-fairfield-3,"2,5",1350 Travis Blvd,Fairfield,382.603.729,-122054640099999
443,quickly-vacaville,"2,5",1667 E Monte Vista Ave,Vacaville,383.700.576,-121961772
483,quickly-concord,"2,5",1657 Willow Pass Rd,Concord,379.728.660.583.496,-122043716430664
536,quickly-hayward,"2,5",25034 Hesperian Blvd,Hayward,376.443.550.220.492,-122104630560233
546,caffé-central-santa-clara,"2,5",2855 Stevens Creek Blvd,Santa Clara,373.260.982.962.994,-121944144442677
575,quickly-san-leandro,"2,5",15251 Hesperian Blvd,San Leandro,376.978.340.148.926,-122130355834961
585,leisure-cafe-san-leandro-2,"2,5",1443 E 14th St,San Leandro,377.236.583.501.576,-122154530547558
371,panda-express-mountain-view-2,2,1035 El Monte Ave,Mountain View,37.390.983.766.688,-122095294088778
530,quickly-kobe-bento-richmond-2,2,3288 Pierce St,Richmond,378.988.979.999.999,-122307341
578,loving-tea-san-leandro,2,1338 Fairmont Dr,San Leandro,377.026.172,-1221272393
587,china-kitchen-express-san-leandro,2,13780 E 14th St,San Leandro,377.154.007,-1221423264